player_name,week,season,fantasy_points_ppr,predicted_fantasy_points,error
Jahmyr Gibbs,12,2025,55.4,23.992702,-31.40729751586914
Puka Nacua,16,2025,46.5,18.077993,-28.422006607055664
Trevor Lawrence,15,2025,44.3,15.9768,-28.323200035095212
Jonathan Taylor,10,2025,49.6,22.943932,-26.656068420410158
Amon-Ra St. Brown,15,2025,41.4,15.552116,-25.84788360595703
Malik Nabers,2,2025,37.7,12.297743,-25.402257156372073
Jahmyr Gibbs,10,2025,38.2,13.289636,-24.910364341735843
Josh Allen,11,2025,44.68,21.89685,-22.7831494140625
Rhamondre Stevenson,18,2025,35.3,13.310703,-21.989296722412107
Jaxon Smith-Njigba,12,2025,37.1,15.330926,-21.769074058532716
Puka Nacua,14,2025,35.7,14.174299,-21.525700759887698
Brock Purdy,17,2025,37.92,16.567158,-21.352842254638674
Drake London,9,2025,38.8,17.518667,-21.28133277893066
George Pickens,4,2025,33.4,12.984503,-20.4154972076416
Christian McCaffrey,11,2025,35.1,14.823487,-20.276512718200685
Caleb Williams,9,2025,38.7,18.79891,-19.901089859008792
Jared Goff,2,2025,33.96,14.096384,-19.863615951538087
Breece Hall,8,2025,32.86,13.053162,-19.80683837890625
Ashton Jeanty,4,2025,33.5,13.704012,-19.795988082885742
Ja'Marr Chase,7,2025,38.1,18.322252,-19.77774772644043
Rico Dowdle,6,2025,33.9,14.179226,-19.72077407836914
Drake Maye,17,2025,32.44,12.890517,-19.54948276519775
Rome Odunze,2,2025,31.8,12.354406,-19.445593643188477
Jahmyr Gibbs,7,2025,36.8,17.712322,-19.087677764892575
De'Von Achane,10,2025,40.5,21.72412,-18.775880813598633
Jonathan Taylor,12,2025,8.6,27.242138,18.642137908935545
James Cook III,8,2025,33.6,15.093316,-18.506683921813966
Ja'Marr Chase,11,2025,6.0,24.48335,18.48335075378418
Matthew Stafford,16,2025,30.88,12.491872,-18.38812816619873
Justin Fields,2,2025,3.98,22.328953,18.34895278930664
Saquon Barkley,8,2025,33.4,15.077247,-18.32275333404541
TreVeyon Henderson,11,2025,32.3,13.989406,-18.310594367980954
Bijan Robinson,13,2025,30.3,12.0592,-18.240799713134766
Travis Etienne Jr.,15,2025,31.5,13.677236,-17.82276439666748
Bryce Young,11,2025,29.82,12.009122,-17.810878105163575
Michael Wilson,14,2025,37.2,19.506466,-17.69353408813477
Russell Wilson,2,2025,31.3,13.652764,-17.647235679626466
James Cook III,15,2025,31.1,13.456184,-17.64381561279297
Jahmyr Gibbs,9,2025,5.8,23.322721,17.52272148132324
Jaxson Dart,16,2025,1.02,18.533344,17.51334426879883
Puka Nacua,6,2025,4.8,22.239908,17.43990821838379
David Montgomery,4,2025,1.2,18.52641,17.326409149169923
George Pickens,6,2025,31.8,14.616407,-17.18359260559082
Christian McCaffrey,16,2025,32.6,15.56642,-17.03358039855957
James Cook III,18,2025,1.5,18.434048,16.93404769897461
Amon-Ra St. Brown,13,2025,0.0,16.795006,16.795005798339844
Derrick Henry,2,2025,2.3,19.06015,16.760150146484374
Brock Purdy,16,2025,31.9,15.365237,-16.53476276397705
Christian McCaffrey,7,2025,39.1,22.69896,-16.401040649414064
George Pickens,12,2025,29.6,13.2640705,-16.335929489135744
Rashee Rice,13,2025,29.4,13.12794,-16.272059822082518
David Montgomery,3,2025,29.4,13.219936,-16.18006362915039
Christian McCaffrey,9,2025,34.3,18.132986,-16.16701393127441
James Cook III,5,2025,4.9,21.06275,16.1627498626709
Dak Prescott,4,2025,30.96,14.832156,-16.12784381866455
Bo Nix,10,2025,7.8,23.868578,16.06857795715332
Joe Flacco,16,2025,0.16,16.203402,16.043401565551758
Daniel Jones,14,2025,1.8,17.52412,15.724120330810546
Russell Wilson,4,2025,0.32,16.006456,15.68645637512207
Bijan Robinson,17,2025,39.9,24.309507,-15.590492630004881
Puka Nacua,4,2025,36.0,20.420462,-15.579538345336914
Emeka Egbuka,5,2025,29.3,13.827099,-15.472901153564454
Tyrone Tracy Jr.,18,2025,27.9,12.432361,-15.467639350891112
Bijan Robinson,8,2025,5.8,21.149649,15.349648666381835
Josh Jacobs,4,2025,31.7,16.517033,-15.182967376708984
Jahmyr Gibbs,14,2025,37.0,21.927408,-15.072591781616211
De'Von Achane,6,2025,31.0,15.942315,-15.057684898376465
Jonathan Taylor,7,2025,34.2,19.184832,-15.015168380737308
Spencer Rattler,15,2025,0.0,15.001837,15.001836776733398
Jameson Williams,12,2025,0.0,14.97469,14.974690437316895
Caleb Williams,7,2025,5.68,20.501104,14.821104354858399
Joe Flacco,9,2025,30.7,15.882887,-14.81711311340332
Bijan Robinson,15,2025,29.5,14.706175,-14.793825149536133
Bijan Robinson,11,2025,30.3,15.52292,-14.77708034515381
Bijan Robinson,18,2025,7.3,21.95829,14.658290100097656
Chris Olave,7,2025,26.8,12.35462,-14.445380020141602
Jonathan Taylor,9,2025,7.7,22.095182,14.395182418823243
Christian McCaffrey,8,2025,9.8,24.164658,14.364657592773437
Ja'Marr Chase,5,2025,29.0,14.662293,-14.337706565856934
TreVeyon Henderson,16,2025,2.2,16.477964,14.277964401245118
DeVonta Smith,11,2025,1.8,16.0759,14.275899124145507
Geno Smith,9,2025,27.26,12.988086,-14.271914253234865
Bo Nix,7,2025,35.96,21.6974,-14.262600860595704
Jonathan Taylor,2,2025,29.5,15.28957,-14.210430145263672
Justin Herbert,7,2025,29.9,15.738674,-14.16132583618164
Bo Nix,15,2025,29.08,14.939919,-14.140080528259276
Puka Nacua,2,2025,27.6,13.463615,-14.136384582519533
Josh Jacobs,11,2025,4.0,18.056446,14.056446075439453
Josh Allen,14,2025,35.84,21.814232,-14.02576812744141
Tyrod Taylor,14,2025,-0.76,13.2256775,13.985677490234375
Malik Nabers,4,2025,4.0,17.937508,13.937507629394531
Aaron Jones Sr.,2,2025,2.3,16.18045,13.880450439453124
Emanuel Wilson,12,2025,26.5,12.641815,-13.858184814453125
Kayshon Boutte,9,2025,0.0,13.844743,13.844742774963379
Jalen Hurts,3,2025,29.04,15.199025,-13.84097484588623
Trey McBride,10,2025,27.7,13.929775,-13.77022476196289
Omarion Hampton,4,2025,27.5,13.748894,-13.751106262207031
Justin Herbert,9,2025,28.7,14.961035,-13.738965225219726
Kyren Williams,5,2025,31.1,17.378529,-13.721471405029298
Tua Tagovailoa,7,2025,1.6,15.316384,13.716384315490723
Rhamondre Stevenson,17,2025,27.2,13.533951,-13.666049194335937
Bijan Robinson,16,2025,29.8,16.153728,-13.646271514892579
Amon-Ra St. Brown,12,2025,29.9,16.329523,-13.570476913452147
Brashard Smith,8,2025,0.8,14.324361,13.524360847473144
Puka Nacua,15,2025,27.9,14.376975,-13.523024940490721
Jameson Williams,13,2025,26.9,13.381463,-13.518536949157713
Tyjae Spears,17,2025,1.1,14.581669,13.481668853759766
Tyler Huntley,15,2025,-0.3,13.174226,13.474225807189942
Michael Penix Jr.,2,2025,5.3,18.74859,13.44859046936035
Rome Odunze,9,2025,0.0,13.370267,13.370266914367676
Matthew Stafford,7,2025,27.38,14.118772,-13.261228446960448
Drake London,16,2025,5.7,18.958952,13.258951950073243
Marcus Mariota,14,2025,-1.1,12.150733,13.25073299407959
Mac Jones,11,2025,-0.3,12.9263115,13.226311492919923
Cam Skattebo,6,2025,31.0,17.812641,-13.187358856201172
C.J. Stroud,9,2025,4.36,17.539305,13.179304733276368
Jalen Hurts,12,2025,30.86,17.686068,-13.173932418823242
Jonathan Taylor,8,2025,37.4,24.318693,-13.081306838989256
Rico Dowdle,9,2025,28.1,15.038208,-13.061791992187501
Breece Hall,2,2025,5.8,18.845915,13.045914840698241
Tyler Allgeier,3,2025,1.4,14.38892,12.988919830322265
Chase Brown,17,2025,29.1,16.11887,-12.98113021850586
Taysom Hill,17,2025,0.0,12.892963,12.892963409423828
Drake London,17,2025,1.4,14.260816,12.860815620422363
Jaxon Smith-Njigba,14,2025,28.1,15.273576,-12.826424217224123
Ja'Marr Chase,6,2025,25.1,12.276267,-12.823732948303224
Jonathan Taylor,3,2025,32.8,19.982058,-12.817942428588864
Joe Flacco,7,2025,25.98,13.196562,-12.783438186645508
Jordan Love,16,2025,3.78,16.556852,12.776852340698243
Justin Herbert,11,2025,4.34,17.094454,12.754453811645508
Baker Mayfield,8,2025,4.08,16.826448,12.746448440551758
Brock Purdy,15,2025,26.2,13.478582,-12.72141761779785
Brock Purdy,18,2025,6.18,18.873991,12.693991012573242
A.J. Brown,12,2025,25.0,12.341001,-12.6589994430542
Dak Prescott,12,2025,28.06,15.416741,-12.643258628845214
Tre Tucker,4,2025,4.2,16.841755,12.641754913330079
Courtland Sutton,18,2025,1.5,14.108618,12.608617782592773
De'Von Achane,2,2025,26.2,13.633382,-12.566618156433105
Khalil Shakir,13,2025,1.5,14.064925,12.564925193786621
Dak Prescott,18,2025,0.7,13.2486315,12.548631477355958
D'Andre Swift,6,2025,25.5,12.954924,-12.545076370239258
Jalen Hurts,14,2025,4.4,16.936615,12.536614990234375
Patrick Mahomes,13,2025,29.44,16.95005,-12.489949645996095
C.J. Stroud,5,2025,28.76,16.2835,-12.476499328613283
Justin Fields,7,2025,4.04,16.477972,12.43797203063965
Trevor Lawrence,5,2025,27.24,14.803961,-12.4360391998291
Blake Corum,5,2025,1.3,13.683721,12.383720588684081
Sam Darnold,9,2025,28.2,15.822233,-12.377766799926757
Woody Marks,5,2025,2.4,14.735722,12.335721588134765
Jaylen Wright,15,2025,2.1,14.408351,12.308350944519043
Samaje Perine,9,2025,0.5,12.797563,12.297562599182129
Zay Flowers,13,2025,0.6,12.88868,12.288680458068848
Jahmyr Gibbs,13,2025,11.6,23.864338,12.264337921142578
Jawhar Jordan,18,2025,0.3,12.519888,12.219887924194335
TreVeyon Henderson,7,2025,0.5,12.685474,12.185474395751953
TreVeyon Henderson,15,2025,30.1,17.97279,-12.127210235595705
Jaxon Smith-Njigba,5,2025,27.2,15.124862,-12.075138282775878
Michael Wilson,13,2025,6.6,18.652088,12.052088165283203
Josh Allen,16,2025,6.9,18.936108,12.036107635498047
Tua Tagovailoa,8,2025,24.2,12.177923,-12.02207679748535
Wan'Dale Robinson,16,2025,5.2,17.183361,11.983361053466798
Justice Hill,8,2025,0.2,12.158143,11.958143043518067
Zay Flowers,3,2025,3.3,15.255775,11.955775451660156
Jahmyr Gibbs,3,2025,26.9,14.959209,-11.940790557861327
Ashton Jeanty,7,2025,4.4,16.284866,11.884866333007812
Breece Hall,6,2025,5.9,17.765219,11.86521873474121
Kenneth Walker III,16,2025,25.4,13.563232,-11.836767578124999
Devin Singletary,15,2025,2.4,14.234338,11.83433780670166
Josh Jacobs,17,2025,1.3,13.132951,11.832950782775878
Jared Goff,17,2025,4.08,15.888681,11.808681411743164
Kyren Williams,12,2025,5.8,17.600933,11.800933074951171
Jacory Croskey-Merritt,8,2025,2.5,14.248264,11.74826431274414
David Montgomery,16,2025,1.4,13.1080885,11.708088493347168
Kimani Vidal,16,2025,1.1,12.724575,11.62457504272461
George Pickens,16,2025,26.0,14.427885,-11.572114944458008
Kendre Miller,7,2025,0.7,12.260609,11.560608673095704
Rhamondre Stevenson,3,2025,4.6,16.1249,11.524900817871094
Jayden Daniels,14,2025,3.72,15.24258,11.522580413818359
Jordan Love,13,2025,25.76,14.277476,-11.482523689270021
Alvin Kamara,3,2025,6.6,18.072536,11.47253646850586
Davante Adams,7,2025,26.5,15.047009,-11.452990531921387
Josh Allen,2,2025,11.82,23.258495,11.438495330810547
Drake Maye,2,2025,26.3,14.90024,-11.399760055541993
Chuba Hubbard,3,2025,9.6,20.98714,11.387140655517578
Hunter Renfrow,3,2025,2.6,13.94822,11.348220252990723
C.J. Stroud,15,2025,23.4,12.094256,-11.305743598937987
Bijan Robinson,14,2025,9.4,20.690418,11.290418243408203
CeeDee Lamb,18,2025,1.4,12.67996,11.279960250854492
Caleb Williams,3,2025,29.12,17.843445,-11.276555175781251
D'Andre Swift,12,2025,1.9,13.162364,11.26236400604248
Bijan Robinson,6,2025,35.8,24.537863,-11.262137222290036
Dak Prescott,5,2025,28.28,17.100824,-11.1791756439209
Kyle Pitts Sr.,17,2025,3.6,14.770587,11.170586967468262
Rachaad White,3,2025,2.4,13.569445,11.16944465637207
Patrick Mahomes,9,2025,9.5,20.65298,11.15298080444336
Jaxson Dart,7,2025,29.42,18.28897,-11.131029052734377
Kimani Vidal,11,2025,3.2,14.324705,11.124705123901368
James Cook III,16,2025,26.4,15.292137,-11.107862854003905
Jaxon Smith-Njigba,13,2025,4.3,15.387612,11.087612342834472
Breece Hall,14,2025,4.3,15.379785,11.07978458404541
Dillon Gabriel,11,2025,2.92,13.973378,11.05337818145752
Dalton Schultz,12,2025,1.8,12.851224,11.051223945617675
Quinshon Judkins,8,2025,4.7,15.708068,11.008067893981934
Jonathan Taylor,14,2025,11.4,22.406052,11.006051635742187
Jahmyr Gibbs,15,2025,9.8,20.790033,10.9900333404541
Tyrone Tracy Jr.,13,2025,4.3,15.286108,10.986108016967773
Malik Davis,16,2025,2.3,13.263328,10.963327598571777
Spencer Rattler,8,2025,3.64,14.589267,10.949266777038574
Jaxon Smith-Njigba,7,2025,26.3,15.367929,-10.932070541381837
Michael Pittman Jr.,10,2025,3.9,14.825336,10.925336456298828
Sam Darnold,10,2025,5.92,16.841253,10.921253280639649
Sam Darnold,14,2025,23.26,12.357699,-10.902300605773927
Michael Pittman Jr.,13,2025,2.3,13.174587,10.874587249755859
James Cook III,17,2025,8.7,19.551386,10.851385879516602
Trevor Lawrence,16,2025,31.16,20.359755,-10.80024543762207
Courtland Sutton,2,2025,1.6,12.3873,10.787299537658692
Josh Allen,12,2025,10.12,20.904026,10.784026031494141
DeAndre Hopkins,3,2025,2.3,13.083716,10.78371639251709
Geno Smith,7,2025,2.78,13.522464,10.74246379852295
J.J. McCarthy,15,2025,24.5,13.832276,-10.667723655700684
Rome Odunze,7,2025,5.1,15.752738,10.652737998962403
Rico Dowdle,8,2025,5.4,16.045254,10.645253753662109
Jake Ferguson,5,2025,23.9,13.254928,-10.645072364807127
Wan'Dale Robinson,3,2025,3.6,14.232241,10.632240676879883
Josh Jacobs,15,2025,23.2,12.585774,-10.614225578308105
George Pickens,15,2025,6.3,16.892021,10.592021179199218
Alvin Kamara,12,2025,3.5,14.0735235,10.57352352142334
Amon-Ra St. Brown,4,2025,26.0,15.474945,-10.525054931640625
J.K. Dobbins,6,2025,4.0,14.523121,10.523120880126953
Kimani Vidal,9,2025,3.0,13.494759,10.494758605957031
Dak Prescott,17,2025,22.68,12.192195,-10.487805061340332
Kenneth Walker III,15,2025,2.9,13.38036,10.480359649658203
Kareem Hunt,15,2025,3.0,13.470492,10.470492362976074
Jahmyr Gibbs,6,2025,7.5,17.95438,10.45438003540039
Marcus Mariota,13,2025,24.26,13.830917,-10.429082641601564
Jaylen Waddle,7,2025,2.5,12.915214,10.415213584899902
Troy Franklin,3,2025,2.8,13.163813,10.3638126373291
Travis Kelce,14,2025,1.8,12.160014,10.360014152526855
Sam Darnold,5,2025,28.64,18.31269,-10.32730926513672
Michael Pittman Jr.,8,2025,23.5,13.192823,-10.30717658996582
Aaron Rodgers,7,2025,24.56,14.257461,-10.302539405822753
Marcus Mariota,16,2025,3.7,14.000235,10.300234603881837
Joe Flacco,4,2025,3.26,13.550246,10.290246238708496
D'Andre Swift,15,2025,22.6,12.314907,-10.285092926025392
Quinshon Judkins,7,2025,26.4,16.124386,-10.275614166259764
Kareem Hunt,6,2025,4.4,14.659692,10.25969181060791
Kendre Miller,6,2025,4.2,14.456825,10.256825256347657
Dak Prescott,2,2025,23.14,12.900868,-10.239131584167481
J.J. McCarthy,2,2025,4.82,15.051305,10.231304817199707
Nick Chubb,7,2025,2.1,12.329234,10.22923412322998
Mac Jones,10,2025,24.06,13.861484,-10.198516426086425
Nico Collins,15,2025,23.5,13.32943,-10.170570373535156
Rhamondre Stevenson,8,2025,5.9,16.029026,10.12902603149414
Bryce Young,10,2025,2.56,12.64191,10.081909599304199
Aaron Rodgers,13,2025,2.68,12.74287,10.062870330810547
Kenneth Gainwell,16,2025,23.8,13.761818,-10.038182067871094
Shedeur Sanders,15,2025,6.48,16.512384,10.032384414672851
Quinshon Judkins,6,2025,3.6,13.630199,10.030199432373047
Isaiah Davis,10,2025,2.1,12.128979,10.028978729248047
Christian McCaffrey,17,2025,28.1,18.07123,-10.028770065307619
Derrick Henry,16,2025,22.8,12.786064,-10.013935852050782
RJ Harvey,16,2025,22.1,12.092459,-10.007541275024415
Josh Jacobs,6,2025,32.0,21.99749,-10.002510070800781
Jordan Love,4,2025,26.28,16.291718,-9.988282470703126
Jaxon Smith-Njigba,16,2025,23.6,13.61955,-9.980450248718263
Russell Wilson,3,2025,7.1,17.05533,9.955330276489258
Christian McCaffrey,18,2025,11.7,21.652674,9.952673721313477
Patrick Mahomes,5,2025,27.72,17.769985,-9.95001480102539
Jahmyr Gibbs,17,2025,6.4,16.346697,9.946696853637695
Tyrod Taylor,7,2025,4.14,14.070118,9.930117950439453
Deebo Samuel,3,2025,4.9,14.805859,9.905858612060547
Isiah Pacheco,15,2025,2.1,12.000439,9.900438690185547
Kenneth Walker III,5,2025,9.6,19.48866,9.88866081237793
Ja'Marr Chase,18,2025,23.6,13.732704,-9.867295837402345
Bryce Young,2,2025,22.32,12.488911,-9.831089324951172
Kyle Monangai,10,2025,8.8,18.630888,9.830887985229491
Rashee Rice,14,2025,7.4,17.192644,9.792644119262695
Emanuel Wilson,9,2025,2.7,12.487494,9.787494468688966
Trey McBride,11,2025,27.5,17.71266,-9.78734016418457
Jared Goff,15,2025,25.52,15.776327,-9.743672866821289
Alvin Kamara,7,2025,5.9,15.640281,9.740280723571777
Mac Jones,5,2025,22.18,12.442609,-9.737391166687011
Matthew Stafford,10,2025,26.9,17.172476,-9.727524185180663
Bryce Young,13,2025,22.54,12.84902,-9.690979995727538
Kenneth Walker III,7,2025,6.6,16.280436,9.68043556213379
Dak Prescott,8,2025,8.62,18.288523,9.668522720336915
Josh Allen,3,2025,23.02,13.379382,-9.640617866516113
Davante Adams,12,2025,23.2,13.566017,-9.633982849121093
Isiah Pacheco,17,2025,3.2,12.818017,9.61801700592041
Kyle Monangai,15,2025,3.3,12.914045,9.614045333862304
Parker Washington,11,2025,4.0,13.587658,9.587657928466797
Patrick Mahomes,14,2025,9.3,18.882095,9.582095336914062
Garrett Wilson,6,2025,4.3,13.871703,9.571703147888183
Saquon Barkley,13,2025,5.6,15.163788,9.563787841796875
Nico Collins,3,2025,22.4,12.845955,-9.554045104980467
Tee Higgins,3,2025,2.5,12.038483,9.538482666015625
James Cook III,14,2025,11.1,20.6249,9.524900817871094
Jared Goff,10,2025,24.8,15.304937,-9.495062637329102
Isiah Pacheco,8,2025,5.8,15.2923565,9.492356491088866
James Cook III,6,2025,8.7,18.189526,9.489525604248048
Chase Brown,8,2025,25.5,16.01714,-9.482860565185547
Nick Chubb,9,2025,3.4,12.88283,9.482829666137695
Dyami Brown,3,2025,2.7,12.162481,9.4624813079834
Jared Goff,16,2025,26.46,17.052887,-9.407113037109376
Chris Olave,10,2025,21.4,12.019388,-9.38061180114746
Davante Adams,11,2025,7.1,16.47578,9.375780487060547
Sam Darnold,13,2025,3.12,12.491766,9.371765975952147
Calvin Austin III,2,2025,3.2,12.558561,9.358561325073243
Jake Browning,5,2025,22.14,12.791269,-9.348730697631837
Jordan Mason,10,2025,4.1,13.419052,9.319052124023438
Geno Smith,3,2025,24.06,14.814045,-9.24595504760742
Josh Allen,9,2025,28.82,19.574568,-9.245432205200196
CeeDee Lamb,13,2025,24.2,14.973449,-9.226551246643066
Keenan Allen,10,2025,3.9,13.111751,9.211750602722168
Patrick Mahomes,6,2025,31.48,22.323418,-9.156582336425782
Shedeur Sanders,18,2025,5.04,14.183066,9.143066368103028
Bo Nix,4,2025,26.74,17.618164,-9.121835937499998
Justin Fields,6,2025,4.9,14.006543,9.106543159484863
Kenneth Gainwell,8,2025,3.5,12.595144,9.095144271850586
Matthew Stafford,18,2025,26.66,17.575537,-9.084463272094727
Nico Collins,12,2025,8.5,17.57758,9.077579498291016
Jordan Love,10,2025,7.84,16.898438,9.0584375
Jordan Love,9,2025,10.02,19.07802,9.058020095825196
Tucker Kraft,9,2025,4.0,13.041242,9.041241645812988
Trevor Lawrence,2,2025,21.24,12.248153,-8.991847267150877
Jaylen Warren,6,2025,8.3,17.25146,8.9514591217041
Malik Nabers,3,2025,3.3,12.233035,8.933035087585449
Jacoby Brissett,11,2025,23.88,14.972404,-8.907596473693847
Cam Skattebo,8,2025,10.0,18.907452,8.907451629638672
Bryce Young,9,2025,3.98,12.868173,8.888172645568847
Amon-Ra St. Brown,11,2025,6.2,15.077014,8.877013969421387
Blake Corum,4,2025,3.6,12.45808,8.858080291748047
Tyrone Tracy Jr.,15,2025,24.7,15.868864,-8.831135940551757
Joe Burrow,18,2025,22.14,13.31561,-8.8243900680542
Derrick Henry,12,2025,22.8,13.978422,-8.821577835083009
Nico Collins,11,2025,24.2,15.384007,-8.815992546081542
Sam Darnold,11,2025,8.26,17.058718,8.798717727661133
Jacory Croskey-Merritt,7,2025,4.2,12.998357,8.798356819152833
Joe Flacco,3,2025,4.68,13.459525,8.779525108337403
RJ Harvey,18,2025,4.3,13.053011,8.753010940551757
George Pickens,14,2025,8.7,17.42847,8.728470611572266
Tony Pollard,11,2025,5.6,14.320618,8.72061767578125
Jaylen Waddle,8,2025,20.9,12.201593,-8.698406600952147
Christian McCaffrey,15,2025,15.7,24.39474,8.694739151000977
Christian McCaffrey,10,2025,17.6,26.284441,8.684440994262694
Kyren Williams,10,2025,22.4,13.716763,-8.68323745727539
Omarion Hampton,5,2025,13.0,21.681732,8.681732177734375
Javonte Williams,3,2025,12.2,20.876566,8.67656593322754
Jawhar Jordan,17,2025,3.6,12.238752,8.638752365112305
Michael Pittman Jr.,6,2025,4.0,12.635065,8.635065078735352
Jonathan Taylor,5,2025,29.6,20.968636,-8.63136444091797
Jalen Hurts,2,2025,11.54,20.136845,8.596844635009766
Kareem Hunt,4,2025,5.7,14.286912,8.586911964416505
Alvin Kamara,8,2025,6.5,15.077396,8.577396392822266
Keenan Allen,4,2025,8.7,17.268913,8.56891326904297
Bo Nix,18,2025,10.54,19.106386,8.566386184692384
Jonathan Taylor,4,2025,14.6,23.163101,8.563101196289063
Khalil Shakir,8,2025,20.8,12.258769,-8.541230964660645
Ja'Marr Chase,17,2025,25.0,16.46551,-8.534490585327148
Jake Ferguson,7,2025,21.9,13.390744,-8.509255790710448
Javonte Williams,9,2025,7.3,15.791082,8.491082382202148
Cam Skattebo,3,2025,24.1,15.617403,-8.482596969604494
Keon Coleman,2,2025,5.6,14.076214,8.476213836669922
Patrick Mahomes,4,2025,27.3,18.841122,-8.458878326416016
Breece Hall,17,2025,20.9,12.485929,-8.414071464538573
Amon-Ra St. Brown,18,2025,24.9,16.496357,-8.40364303588867
Kyle Monangai,18,2025,3.9,12.302561,8.402560806274414
Drake London,7,2025,8.2,16.575583,8.375582504272462
Ashton Jeanty,14,2025,5.8,14.173494,8.373494338989257
Justin Fields,10,2025,7.96,16.307735,8.347735443115234
Caleb Williams,13,2025,10.46,18.784492,8.32449249267578
Woody Marks,15,2025,4.8,13.12144,8.321439933776855
Jordan Love,8,2025,26.3,17.998428,-8.301571655273438
J.K. Dobbins,7,2025,9.0,17.296148,8.296148300170898
Quentin Johnston,5,2025,6.9,15.194414,8.294414138793945
Kenneth Walker III,14,2025,3.8,12.079626,8.279626083374023
Matthew Stafford,4,2025,27.4,19.132116,-8.267883682250975
Ladd McConkey,11,2025,4.3,12.558214,8.25821418762207
Sam Darnold,7,2025,9.62,17.867836,8.247835998535157
Rashid Shaheed,11,2025,4.9,13.137028,8.237027740478515
Caleb Williams,17,2025,23.0,14.774584,-8.22541618347168
Baker Mayfield,10,2025,22.92,14.72113,-8.198869628906252
Matthew Stafford,14,2025,23.24,15.071196,-8.168804397583006
Rome Odunze,6,2025,5.2,13.309321,8.109321403503419
Quinshon Judkins,11,2025,5.9,13.997818,8.097817993164062
Josh Jacobs,16,2025,4.8,12.891826,8.091825675964355
Nick Chubb,3,2025,7.0,15.090039,8.090039253234863
Kyren Williams,7,2025,8.5,16.572895,8.072895050048828
Miles Sanders,4,2025,4.5,12.567639,8.067639350891113
Puka Nacua,5,2025,24.5,16.440495,-8.059505462646484
Jalen Hurts,8,2025,25.36,17.314981,-8.04501853942871
Kenneth Gainwell,13,2025,6.5,14.500426,8.000426292419434
Tua Tagovailoa,5,2025,22.74,14.740047,-7.999952545166014
Jaylen Waddle,15,2025,4.6,12.585647,7.9856466293334964
Caleb Williams,10,2025,25.1,17.114437,-7.985562896728517
Tyler Shough,18,2025,22.76,14.7914,-7.96860004425049
Justin Herbert,8,2025,26.28,18.328514,-7.951485900878907
Oronde Gadsden,10,2025,4.3,12.24897,7.948970031738281
Breece Hall,7,2025,7.2,15.134295,7.9342954635620115
Amon-Ra St. Brown,3,2025,20.7,12.778299,-7.92170066833496
Troy Franklin,13,2025,4.1,12.017249,7.91724910736084
Cam Ward,13,2025,6.34,14.247282,7.907282028198242
Tyler Shough,17,2025,21.92,14.017446,-7.902554435729982
Ja'Marr Chase,15,2025,23.2,15.315775,-7.88422508239746
Nico Collins,10,2025,20.6,12.722709,-7.877291297912599
Kimani Vidal,7,2025,7.5,15.375507,7.875507354736328
James Cook III,2,2025,26.5,18.634174,-7.865825653076172
Travis Etienne Jr.,13,2025,5.1,12.951219,7.851218605041504
Bam Knight,14,2025,6.4,14.2472925,7.847292518615722
Javonte Williams,2,2025,25.0,17.155947,-7.844053268432617
Jacory Croskey-Merritt,9,2025,5.1,12.920973,7.82097282409668
Deebo Samuel,4,2025,20.1,12.295212,-7.804788208007814
Marvin Harrison Jr.,2,2025,4.7,12.4971075,7.79710750579834
Kareem Hunt,13,2025,9.0,16.791588,7.791587829589844
Quinshon Judkins,4,2025,21.5,13.726573,-7.7734270095825195
Quentin Johnston,4,2025,23.8,16.029808,-7.770191955566407
Kendrick Bourne,8,2025,7.4,15.153257,7.753257369995117
Drake Maye,8,2025,27.28,19.571358,-7.70864227294922
Trevor Lawrence,10,2025,10.82,18.527222,7.7072216796875
Caleb Williams,16,2025,21.0,13.297022,-7.702978134155273
Alvin Kamara,5,2025,9.5,17.198784,7.698783874511719
Joe Burrow,17,2025,20.4,12.702015,-7.6979850769042955
Aaron Jones Sr.,13,2025,4.5,12.1973505,7.69735050201416
Matthew Stafford,9,2025,26.84,19.155619,-7.684381332397461
Bucky Irving,3,2025,13.9,21.548122,7.648122406005859
Baker Mayfield,5,2025,24.66,17.015202,-7.6447984313964845
Drake Maye,6,2025,25.24,17.606113,-7.633886566162108
Tyler Shough,14,2025,22.26,14.629022,-7.630978355407716
Davante Adams,10,2025,19.7,12.076511,-7.623488616943359
Chuba Hubbard,16,2025,4.4,12.020188,7.6201883316040036
Javonte Williams,5,2025,26.9,19.293396,-7.606604003906249
Cooper Kupp,3,2025,5.1,12.702479,7.602479362487793
Jordan Love,12,2025,7.06,14.657159,7.5971588516235355
Geno Smith,2,2025,6.2,13.774248,7.574248123168945
Cam Ward,4,2025,5.52,13.075333,7.555332641601563
Jameson Williams,17,2025,5.7,13.239392,7.539392280578613
Trey McBride,16,2025,6.7,14.215308,7.51530818939209
Ashton Jeanty,17,2025,9.3,16.807142,7.507142257690429
Trevor Lawrence,9,2025,22.2,14.718939,-7.481061172485351
James Cook III,12,2025,21.9,14.4516735,-7.448326492309569
Cam Ward,12,2025,23.94,16.521431,-7.41856903076172
Saquon Barkley,3,2025,9.5,16.893633,7.393632888793945
Davante Adams,13,2025,21.8,14.4115925,-7.388407516479493
Matthew Stafford,5,2025,25.56,18.17859,-7.381409225463866
Christian McCaffrey,5,2025,27.9,20.519842,-7.38015785217285
Tyrone Tracy Jr.,16,2025,9.8,17.168999,7.368998718261718
David Montgomery,7,2025,5.9,13.257054,7.357054328918457
Justin Herbert,10,2025,14.7,22.052494,7.352494049072266
Saquon Barkley,7,2025,5.2,12.538271,7.338270950317383
Jonathan Taylor,18,2025,5.9,13.234324,7.33432445526123
Javonte Williams,6,2025,8.4,15.72294,7.322940444946289
Jalen Hurts,10,2025,12.02,19.326176,7.306175689697266
Michael Penix Jr.,3,2025,5.78,13.084933,7.304933280944824
Jerome Ford,3,2025,5.0,12.293669,7.293668746948242
Quinshon Judkins,5,2025,13.8,21.093626,7.2936260223388665
De'Von Achane,7,2025,12.8,20.09078,7.29078025817871
George Pickens,7,2025,12.2,19.488674,7.28867416381836
Travis Etienne Jr.,7,2025,6.5,13.779423,7.279422760009766
Cam Ward,6,2025,7.88,15.1496935,7.269693489074707
Baker Mayfield,12,2025,5.54,12.800497,7.260497055053711
Kyren Williams,4,2025,10.4,17.65158,7.251580810546875
Parker Washington,18,2025,19.7,12.485674,-7.214326095581054
Travis Etienne Jr.,18,2025,4.8,12.010951,7.210951042175293
Jacory Croskey-Merritt,6,2025,5.8,12.980208,7.180208396911621
Keenan Allen,8,2025,8.4,15.571413,7.1714130401611325
Tua Tagovailoa,13,2025,5.68,12.839701,7.159700698852539
Davante Adams,9,2025,23.0,15.849392,-7.150608062744141
Jared Goff,7,2025,11.34,18.48056,7.140560302734375
D'Andre Swift,18,2025,5.8,12.8837385,7.083738517761231
Chase Brown,3,2025,6.0,13.074722,7.0747222900390625
RJ Harvey,5,2025,6.0,13.05698,7.056980133056641
Jordan Mason,2,2025,5.8,12.829168,7.029168319702149
Ja'Marr Chase,14,2025,10.2,17.214638,7.014637756347657
Bo Nix,2,2025,21.24,14.240164,-6.9998361968994125
Rome Odunze,11,2025,6.1,13.0988245,6.998824501037598
Emeka Egbuka,4,2025,20.1,13.14035,-6.959649658203126
Drake London,2,2025,5.9,12.858852,6.958852386474609
Matthew Stafford,11,2025,13.2,20.158792,6.95879249572754
Jalen Hurts,7,2025,24.04,17.111376,-6.928624191284179
Bryce Young,6,2025,19.46,12.5338545,-6.926145515441895
Jaylen Wright,17,2025,5.6,12.519445,6.919445419311524
Courtland Sutton,10,2025,5.4,12.3092785,6.909278488159179
Javonte Williams,16,2025,6.3,13.206765,6.906765174865723
Cam Ward,9,2025,6.4,13.2681055,6.868105506896972
Devin Singletary,13,2025,19.2,12.33541,-6.864589881896972
Jonathan Taylor,13,2025,15.1,21.963911,6.863911056518555
Travis Etienne Jr.,14,2025,21.2,14.347778,-6.852221679687499
Adonai Mitchell,16,2025,7.3,14.147005,6.847005081176758
Stefon Diggs,3,2025,5.3,12.141238,6.841238212585449
Drake Maye,16,2025,22.7,15.870576,-6.829424095153808
Mike Evans,18,2025,5.4,12.211781,6.811780548095703
Courtland Sutton,4,2025,19.1,12.30433,-6.795670127868654
Kareem Hunt,12,2025,20.0,13.210345,-6.789654731750488
Ricky Pearsall,3,2025,19.7,12.913237,-6.786763381958007
Justin Jefferson,10,2025,7.7,14.485359,6.785359191894531
David Montgomery,6,2025,8.1,14.881423,6.7814229965209964
Bijan Robinson,10,2025,10.8,17.573818,6.773818206787109
Rico Dowdle,7,2025,10.6,17.36786,6.767860794067383
Tony Pollard,13,2025,5.3,12.066448,6.766448211669922
Sam LaPorta,2,2025,5.6,12.339322,6.739322090148926
Kyren Williams,15,2025,21.8,15.074858,-6.7251422882080085
Chris Olave,14,2025,6.0,12.716871,6.71687126159668
Josh Jacobs,8,2025,13.5,20.21337,6.713369369506836
Dillon Gabriel,10,2025,20.08,13.383326,-6.696674423217772
Sean Tucker,12,2025,5.6,12.289374,6.689374351501465
Puka Nacua,3,2025,22.8,16.119314,-6.680685806274415
Kendre Miller,5,2025,5.9,12.576154,6.676153755187988
Travis Etienne Jr.,5,2025,8.8,15.434729,6.634728622436523
Aaron Rodgers,10,2025,8.44,15.049909,6.609908638000489
Geno Smith,10,2025,5.42,12.023336,6.603336410522461
J.K. Dobbins,10,2025,9.4,15.975525,6.57552490234375
Bhayshul Tuten,3,2025,8.1,14.641374,6.541373634338379
Ja'Marr Chase,9,2025,17.1,23.63092,6.530920410156249
Breece Hall,15,2025,5.7,12.222738,6.522738265991211
J.J. McCarthy,14,2025,20.42,13.905105,-6.514895362854006
Davante Adams,14,2025,6.9,13.372114,6.472114181518554
Jaxon Smith-Njigba,3,2025,20.6,14.131632,-6.468368148803712
Trevor Lawrence,3,2025,8.78,15.238002,6.458001823425294
Juwan Johnson,4,2025,5.8,12.254584,6.454584312438965
Wan'Dale Robinson,13,2025,10.4,16.832594,6.432593917846679
Spencer Rattler,2,2025,21.68,15.248061,-6.431938819885254
Matthew Stafford,6,2025,9.34,15.768983,6.4289828872680665
Dylan Sampson,2,2025,10.9,17.317242,6.4172416687011715
Jordan Addison,10,2025,6.5,12.890971,6.3909711837768555
Drake Maye,15,2025,21.5,15.115678,-6.384322166442871
Kirk Cousins,16,2025,18.58,12.223002,-6.356997566223143
Blake Corum,9,2025,5.8,12.143283,6.343282890319824
Jaxson Dart,9,2025,27.24,20.90655,-6.333450546264647
Emeka Egbuka,11,2025,9.0,15.302943,6.302943229675293
Woody Marks,11,2025,6.1,12.398229,6.298228645324707
Isiah Pacheco,6,2025,6.1,12.388735,6.288734817504883
Kyle Monangai,14,2025,6.7,12.964107,6.264106559753418
Ashton Jeanty,3,2025,6.3,12.540626,6.24062557220459
Chase Brown,2,2025,8.5,14.733352,6.233351707458496
CeeDee Lamb,2,2025,20.2,13.980787,-6.21921272277832
Daniel Jones,4,2025,12.38,18.58984,6.209839935302734
Saquon Barkley,14,2025,18.2,12.011653,-6.188347053527831
Jordan Love,2,2025,20.88,14.693641,-6.186359291076659
J.K. Dobbins,4,2025,11.5,17.674824,6.174823760986328
Travis Etienne Jr.,11,2025,19.3,13.140131,-6.159869003295899
Caleb Williams,11,2025,10.32,16.470915,6.150914840698242
Bo Nix,11,2025,12.6,18.74716,6.1471599578857425
Tony Pollard,17,2025,11.5,17.616995,6.116994857788086
Marvin Harrison Jr.,7,2025,7.8,13.907603,6.107603263854981
Ladd McConkey,10,2025,20.7,14.611743,-6.088257026672363
Garrett Wilson,5,2025,19.1,13.038795,-6.061204528808595
Jahmyr Gibbs,4,2025,17.7,23.760654,6.060654449462891
De'Von Achane,4,2025,17.1,23.15295,6.052950286865233
Emeka Egbuka,8,2025,6.5,12.549919,6.049919128417969
DK Metcalf,13,2025,6.2,12.249439,6.049439239501953
Kenneth Gainwell,6,2025,9.6,15.607727,6.00772705078125
Derrick Henry,18,2025,12.6,18.586826,5.986826324462891
James Conner,3,2025,6.7,12.677601,5.977600860595703
Michael Penix Jr.,4,2025,19.72,13.746721,-5.9732787322998036
Jaylen Waddle,11,2025,8.2,14.17075,5.970749664306641
Cam Ward,16,2025,18.02,12.066012,-5.953987617492675
Khalil Shakir,6,2025,6.3,12.238945,5.938945007324219
Tony Pollard,2,2025,9.2,15.122314,5.922314453125001
Tetairoa McMillan,3,2025,7.8,13.703386,5.9033863067626955
Jordan Love,14,2025,20.26,14.358457,-5.901543388366701
Caleb Williams,4,2025,12.78,18.660866,5.880865783691407
Michael Penix Jr.,11,2025,7.9,13.777026,5.877026176452636
Jahmyr Gibbs,16,2025,22.8,16.927387,-5.872612762451173
Trevor Lawrence,17,2025,24.12,18.249287,-5.870713348388673
Jaylen Warren,8,2025,9.3,15.16464,5.8646404266357415
Matthew Stafford,12,2025,22.92,17.06303,-5.85696975708008
Zach Ertz,3,2025,6.8,12.6411705,5.8411705017089846
De'Von Achane,13,2025,19.4,25.235613,5.835612869262697
Joe Flacco,12,2025,10.62,16.448383,5.828383331298829
Quinshon Judkins,16,2025,10.1,15.912936,5.812936210632325
Quinshon Judkins,14,2025,9.4,15.181781,5.781780815124511
Tony Pollard,8,2025,6.3,12.06797,5.767970275878906
David Montgomery,12,2025,6.7,12.438399,5.738399314880371
Carson Wentz,8,2025,8.76,14.497608,5.737608184814453
Saquon Barkley,17,2025,6.8,12.534463,5.734462928771973
Trey McBride,13,2025,22.2,16.489462,-5.710538101196288
Aaron Rodgers,11,2025,9.44,15.135284,5.6952844238281255
Tony Pollard,9,2025,7.8,13.48112,5.681120109558106
Baker Mayfield,15,2025,18.18,12.499807,-5.680192642211914
D'Andre Swift,3,2025,10.8,16.458126,5.658126068115234
Chris Olave,9,2025,8.7,14.346926,5.6469257354736335
Patrick Mahomes,3,2025,13.16,18.793503,5.633502807617187
Travis Etienne Jr.,3,2025,11.6,17.216976,5.616976165771485
Trevor Lawrence,12,2025,20.14,14.526524,-5.61347640991211
Bijan Robinson,4,2025,28.1,22.489368,-5.610631561279298
Jahmyr Gibbs,11,2025,19.6,25.205992,5.605991744995116
Chris Olave,4,2025,10.0,15.604137,5.604137420654297
Kareem Hunt,14,2025,9.0,14.60191,5.601909637451172
Ashton Jeanty,2,2025,7.4,12.994458,5.594458198547363
Tua Tagovailoa,11,2025,6.84,12.42958,5.589579734802246
Woody Marks,13,2025,7.7,13.285841,5.5858409881591795
Hollywood Brown,2,2025,8.0,13.569163,5.5691633224487305
Daniel Jones,8,2025,23.18,17.620716,-5.559283905029297
Aaron Rodgers,2,2025,10.42,15.96662,5.546620445251465
Dallas Goedert,8,2025,17.8,12.253406,-5.546594429016114
Jakobi Meyers,4,2025,7.0,12.545181,5.5451812744140625
Kenneth Gainwell,17,2025,6.8,12.311534,5.511533927917481
Matthew Stafford,15,2025,21.92,16.410429,-5.5095709991455095
Brock Bowers,12,2025,11.5,17.001328,5.5013275146484375
Aaron Jones Sr.,14,2025,7.6,13.097994,5.497993850708008
Tony Pollard,15,2025,18.2,12.711132,-5.488867950439452
J.J. McCarthy,18,2025,7.98,13.445538,5.4655375671386714
J.K. Dobbins,9,2025,6.9,12.330996,5.4309955596923825
Aaron Rodgers,6,2025,17.5,12.07018,-5.4298200607299805
Tua Tagovailoa,9,2025,9.54,14.967611,5.427611312866212
Dak Prescott,15,2025,11.96,17.375814,5.41581443786621
Tyrone Tracy Jr.,9,2025,6.7,12.092904,5.3929040908813475
Nico Collins,13,2025,21.5,16.107357,-5.392642974853516
Keenan Allen,6,2025,6.7,12.073427,5.373427200317383
Aaron Jones Sr.,12,2025,8.7,14.061828,5.361827659606934
George Pickens,3,2025,17.8,12.449639,-5.3503606796264656
Sam Darnold,6,2025,20.0,14.661254,-5.338746070861816
De'Von Achane,8,2025,20.1,14.768626,-5.331373786926271
Michael Wilson,17,2025,19.9,14.56868,-5.331320190429686
Joe Flacco,11,2025,10.86,16.186226,5.326225891113282
Kyren Williams,3,2025,19.2,13.888614,-5.3113862991333
David Montgomery,5,2025,18.22,12.91087,-5.309130401611327
Jared Goff,5,2025,20.12,14.83826,-5.281740303039552
Jacoby Brissett,10,2025,17.42,12.181006,-5.238993568420412
Trevor Lawrence,13,2025,19.66,14.42463,-5.2353698348999025
Jaxson Dart,10,2025,26.28,21.059235,-5.220765380859376
Dak Prescott,11,2025,24.32,19.183748,-5.1362517547607425
Jacoby Brissett,16,2025,11.62,16.752048,5.132048492431641
C.J. Stroud,8,2025,22.72,17.597336,-5.122664184570311
Kyren Williams,2,2025,10.0,15.1067505,5.10675048828125
Baker Mayfield,2,2025,19.9,14.796399,-5.103600883483885
Jordan Love,7,2025,13.36,18.455996,5.095995559692383
Dak Prescott,6,2025,22.34,17.256754,-5.083246078491211
Bryce Young,17,2025,9.86,14.9318,5.07179988861084
Breece Hall,11,2025,8.4,13.471071,5.0710712432861325
Tyrone Tracy Jr.,11,2025,17.9,12.860015,-5.03998508453369
Keenan Allen,3,2025,19.5,14.479005,-5.020995140075684
Tony Pollard,12,2025,8.1,13.093507,4.993506813049317
Tre Tucker,6,2025,12.0,16.970043,4.970043182373047
Jaxson Dart,15,2025,23.14,18.182917,-4.957083358764649
D'Andre Swift,16,2025,9.0,13.951608,4.951607704162598
Jaylen Warren,11,2025,8.7,13.646414,4.946413803100587
Marcus Mariota,10,2025,18.72,13.785142,-4.934858055114745
C.J. Stroud,13,2025,10.04,14.958023,4.918023071289063
Parker Washington,12,2025,18.1,13.200791,-4.8992086410522475
Rome Odunze,8,2025,18.4,13.51433,-4.885670089721678
Jalen Hurts,11,2025,14.5,19.384428,4.884428024291992
DK Metcalf,7,2025,8.0,12.88385,4.88385009765625
Aaron Rodgers,15,2025,16.96,12.084259,-4.875740966796876
Jake Browning,3,2025,7.9,12.770193,4.870193099975586
Derrick Henry,8,2025,19.1,14.234223,-4.86577663421631
Jaxson Dart,13,2025,11.56,16.415218,4.855218353271484
Nick Chubb,4,2025,8.2,13.049129,4.849128532409669
Bucky Irving,15,2025,8.1,12.94822,4.848220252990723
Matthew Stafford,2,2025,18.32,13.475682,-4.844317741394043
Ladd McConkey,8,2025,20.8,15.960011,-4.839989471435548
Stefon Diggs,2,2025,7.2,12.024542,4.824541854858398
Dak Prescott,16,2025,19.16,14.351196,-4.8088037109375
Jacoby Brissett,15,2025,21.56,16.761932,-4.798067626953124
Michael Pittman Jr.,2,2025,8.0,12.77806,4.778059959411621
Patrick Mahomes,2,2025,23.08,18.312231,-4.767768936157225
Omarion Hampton,17,2025,20.0,15.248602,-4.751398086547852
Jakobi Meyers,3,2025,9.3,14.040366,4.740366172790527
Travis Etienne Jr.,4,2025,19.5,14.762105,-4.7378950119018555
D'Andre Swift,11,2025,9.0,13.704759,4.704758644104004
James Cook III,13,2025,18.7,14.00069,-4.699309539794921
Devin Neal,15,2025,10.2,14.891335,4.691334533691407
Jaxson Dart,18,2025,20.4,15.725076,-4.674924278259276
Kyren Williams,14,2025,17.7,13.028343,-4.6716567993164055
Samaje Perine,17,2025,8.3,12.960862,4.660862159729003
Geno Smith,14,2025,9.04,13.698765,4.6587648010253915
Woody Marks,12,2025,7.9,12.555439,4.655438995361328
Garrett Wilson,2,2025,9.0,13.649751,4.649750709533691
Ladd McConkey,9,2025,9.6,14.244796,4.6447957992553714
Michael Penix Jr.,10,2025,8.98,13.6235,4.6434998703002925
Drake London,18,2025,17.8,13.161332,-4.638667869567872
Saquon Barkley,11,2025,10.0,14.638079,4.638078689575195
DeVonta Smith,13,2025,9.8,14.438049,4.638049316406249
Justin Herbert,13,2025,13.84,18.459566,4.619566116333008
DeVonta Smith,10,2025,16.9,12.28596,-4.614039802551268
Josh Allen,15,2025,24.52,19.92027,-4.599729080200195
Alec Pierce,10,2025,18.4,13.814628,-4.585372352600096
Kyle Monangai,17,2025,7.7,12.284002,4.584002304077148
Devin Singletary,11,2025,17.7,13.1180935,-4.581906509399413
Emeka Egbuka,7,2025,9.8,14.380615,4.580615234374999
Alec Pierce,13,2025,17.8,13.233855,-4.566144752502442
Amon-Ra St. Brown,6,2025,13.7,18.265982,4.565981674194337
Brock Purdy,4,2025,17.66,13.094654,-4.565345916748047
Joe Flacco,2,2025,9.76,14.309676,4.549676170349121
Ricky Pearsall,2,2025,9.2,13.725584,4.525584030151368
Chase Brown,9,2025,19.2,14.6793375,-4.52066249847412
Breece Hall,10,2025,19.5,14.998723,-4.501276969909668
CeeDee Lamb,11,2025,17.6,13.099494,-4.500506019592287
Tyquan Thornton,4,2025,8.1,12.589137,4.489137077331543
Emeka Egbuka,13,2025,8.2,12.686322,4.486322212219239
C.J. Stroud,18,2025,17.26,12.77592,-4.484080085754396
Geno Smith,6,2025,9.66,14.141992,4.48199161529541
Dak Prescott,14,2025,18.44,13.970882,-4.469117584228517
Javonte Williams,8,2025,17.9,13.450627,-4.4493726730346665
Travis Etienne Jr.,6,2025,9.5,13.941834,4.441834449768066
Derrick Henry,4,2025,7.8,12.241455,4.441455078125
Blake Corum,18,2025,7.9,12.3372345,4.437234497070312
Davante Adams,6,2025,7.9,12.324246,4.424246406555175
Josh Allen,17,2025,23.18,18.759216,-4.42078369140625
Jared Goff,13,2025,20.64,16.234617,-4.405382766723633
Tyjae Spears,11,2025,8.4,12.798744,4.398744201660156
Aaron Rodgers,9,2025,12.12,16.516577,4.396576766967774
Cam Ward,5,2025,9.0,13.371178,4.371177673339844
Rashid Shaheed,3,2025,8.2,12.5450115,4.345011520385743
Kayshon Boutte,2,2025,8.6,12.943438,4.343437576293946
Daniel Jones,6,2025,23.48,19.144562,-4.335438232421875
Rachaad White,10,2025,10.4,14.711504,4.311503982543945
Geno Smith,4,2025,12.78,17.052427,4.272427291870118
Drake Maye,5,2025,12.12,16.388021,4.268021469116212
A.J. Brown,16,2025,18.5,14.239474,-4.260525703430176
Tua Tagovailoa,6,2025,9.6,13.85058,4.250580215454102
Puka Nacua,18,2025,26.0,21.775694,-4.224306106567383
Derrick Henry,14,2025,11.2,15.419625,4.219625282287598
De'Von Achane,9,2025,16.6,20.81071,4.2107109069824205
Josh Allen,4,2025,25.86,21.683014,-4.176986083984374
Josh Allen,8,2025,23.22,19.052317,-4.167683334350585
De'Von Achane,16,2025,18.0,22.150396,4.150396347045898
Jordan Mason,4,2025,10.2,14.346685,4.146685409545899
Patrick Mahomes,8,2025,24.96,20.816376,-4.143624267578126
David Montgomery,9,2025,11.0,15.128793,4.128792762756348
Christian McCaffrey,12,2025,27.2,23.079777,-4.120223236083984
Ricky Pearsall,4,2025,8.6,12.702668,4.102668190002442
Jayden Daniels,6,2025,22.64,18.560577,-4.079422607421876
Michael Wilson,16,2025,13.2,17.278448,4.078448104858399
Tyler Shough,15,2025,18.08,14.012022,-4.067977981567381
Tetairoa McMillan,8,2025,16.9,12.8406725,-4.0593275070190415
Jalen Hurts,16,2025,19.4,15.342229,-4.0577711105346665
CeeDee Lamb,15,2025,17.1,13.043326,-4.056673622131349
Jalen Hurts,6,2025,21.62,17.577065,-4.042935485839845
Breece Hall,4,2025,16.1,12.057347,-4.042652702331544
Jaxson Dart,5,2025,17.58,13.541294,-4.038705902099608
Bryce Young,16,2025,17.64,13.601523,-4.038476600646973
Kyler Murray,3,2025,14.06,18.09598,4.035979690551757
Kenneth Walker III,13,2025,10.4,14.421052,4.021051979064941
Bryce Young,4,2025,10.3,14.320264,4.020263862609863
Justin Fields,8,2025,16.86,12.840156,-4.019844398498535
Devin Singletary,18,2025,8.6,12.590034,3.990033531188965
Jaxson Dart,8,2025,19.42,15.438544,-3.981455726623537
Rico Dowdle,16,2025,8.3,12.27541,3.9754096984863274
D'Andre Swift,7,2025,20.8,16.836401,-3.9635990142822273
Chuba Hubbard,8,2025,9.4,13.3507395,3.950739479064941
Jacoby Brissett,18,2025,16.62,12.67614,-3.9438601684570322
Devin Singletary,17,2025,17.0,13.064502,-3.9354982376098633
James Cook III,11,2025,20.4,16.474579,-3.9254211425781236
Jaxon Smith-Njigba,2,2025,18.3,14.395057,-3.904943275451661
Tony Pollard,16,2025,10.2,14.075359,3.8753593444824226
Tyler Allgeier,14,2025,8.7,12.573908,3.8739078521728523
Jared Goff,4,2025,13.72,17.578087,3.858086853027343
TreVeyon Henderson,17,2025,8.2,12.046105,3.846105384826661
Zach Charbonnet,7,2025,19.5,15.662261,-3.8377389907836914
Justin Herbert,14,2025,13.16,16.992624,3.832624282836914
Drake Maye,3,2025,20.22,24.049093,3.829093246459962
De'Von Achane,11,2025,21.5,25.32736,3.827360153198242
Kenneth Gainwell,14,2025,16.2,12.373708,-3.8262922286987298
Tony Pollard,4,2025,10.6,14.408397,3.808396720886231
Rachaad White,6,2025,17.6,13.804835,-3.7951646804809585
TreVeyon Henderson,12,2025,11.1,14.888455,3.788455390930176
Cam Ward,17,2025,17.04,13.260281,-3.7797193908691398
Marcus Mariota,11,2025,16.42,12.641852,-3.778147621154787
Trey McBride,14,2025,10.8,14.573842,3.773842048645019
Bo Nix,17,2025,20.48,16.711548,-3.7684521484375004
Garrett Wilson,4,2025,20.2,16.447723,-3.7522766113281243
Justin Herbert,3,2025,15.6,19.349485,3.7494853973388675
A.J. Brown,15,2025,12.1,15.847633,3.7476333618164066
Caleb Williams,6,2025,20.38,16.63321,-3.746790771484374
Breece Hall,16,2025,8.3,12.045891,3.745890808105468
A.J. Brown,5,2025,9.3,13.043601,3.7436010360717766
Amon-Ra St. Brown,17,2025,14.8,18.530287,3.730286788940429
Cam Ward,18,2025,9.18,12.905839,3.725838966369629
Woody Marks,10,2025,16.1,12.377839,-3.72216091156006
Jared Goff,3,2025,12.68,16.385788,3.705787963867188
Jared Goff,14,2025,16.16,19.862055,3.7020548248291014
Tyreek Hill,3,2025,15.9,12.2419,-3.6580995559692386
Sam Darnold,3,2025,16.72,13.069734,-3.6502663803100575
Chase Brown,13,2025,18.3,14.666234,-3.6337659835815437
C.J. Stroud,3,2025,12.36,15.982263,3.6222626113891607
Chris Olave,6,2025,15.8,12.190526,-3.6094739913940437
Joe Flacco,6,2025,16.76,13.155423,-3.604576835632326
Josh Jacobs,13,2025,10.1,13.702307,3.602306747436524
Josh Jacobs,7,2025,18.8,22.402182,3.6021816253662102
Bucky Irving,2,2025,18.1,14.500725,-3.5992752075195327
J.J. McCarthy,16,2025,9.32,12.916594,3.596593551635742
Trevor Lawrence,18,2025,23.3,19.709068,-3.590931701660157
Jordan Love,3,2025,12.12,15.689018,3.5690182495117195
Cam Skattebo,4,2025,11.0,14.563985,3.5639848709106445
Kimani Vidal,14,2025,11.4,14.93375,3.5337501525878903
Chuba Hubbard,4,2025,9.9,13.431904,3.5319038391113278
Javonte Williams,11,2025,10.3,13.828107,3.5281068801879876
C.J. Stroud,17,2025,15.76,12.242148,-3.5178516006469724
Derrick Henry,13,2025,17.4,13.88445,-3.515550041198729
Patrick Mahomes,11,2025,14.34,17.850008,3.510008010864258
Michael Wilson,15,2025,16.4,19.906677,3.5066772460937514
Juwan Johnson,2,2025,15.9,12.394949,-3.5050510406494144
Geno Smith,17,2025,9.14,12.633813,3.4938129043579096
Ashton Jeanty,9,2025,19.9,16.415373,-3.4846271514892564
Mac Jones,8,2025,17.02,13.538418,-3.48158218383789
Baker Mayfield,11,2025,17.82,14.344217,-3.475782699584961
Puka Nacua,17,2025,15.7,19.152555,3.452555465698243
Spencer Rattler,3,2025,12.72,16.161572,3.4415715026855462
Drake Maye,11,2025,15.44,18.870468,3.430468139648438
Drake Maye,18,2025,15.74,19.166243,3.4262425994873045
Jonathan Taylor,17,2025,17.4,13.976686,-3.423314476013182
Patrick Mahomes,12,2025,16.08,19.500406,3.4204062652587908
Nico Collins,17,2025,8.7,12.098331,3.3983314514160163
Jared Goff,9,2025,19.36,15.974316,-3.3856843566894526
Tony Pollard,7,2025,12.1,15.484818,3.3848184585571293
Saquon Barkley,10,2025,13.1,16.470814,3.3708137512207035
Jacoby Brissett,13,2025,20.64,17.293102,-3.3468977355957037
Justin Herbert,4,2025,12.52,15.85743,3.337430458068848
Kimani Vidal,10,2025,17.8,14.464334,-3.335666465759278
De'Von Achane,3,2025,16.1,19.434185,3.3341850280761705
Daniel Jones,13,2025,16.14,19.466362,3.326361999511718
Javonte Williams,12,2025,12.1,15.413898,3.3138984680175785
Spencer Rattler,6,2025,11.08,14.391787,3.3117865753173827
Patrick Mahomes,7,2025,26.24,22.929714,-3.310285797119139
Quentin Johnston,7,2025,11.0,14.30627,3.306269645690918
Jaylen Warren,2,2025,17.4,14.102498,-3.297501945495604
Chase Brown,11,2025,18.7,15.425715,-3.2742845535278313
Christian McCaffrey,6,2025,24.1,20.8326,-3.2674003601074233
Courtland Sutton,8,2025,10.7,13.957568,3.2575681686401374
Kirk Cousins,17,2025,9.14,12.387552,3.2475522613525385
Saquon Barkley,4,2025,17.4,14.15883,-3.2411703109741197
Nico Collins,5,2025,16.0,12.772173,-3.2278270721435547
Caleb Williams,8,2025,12.8,16.004042,3.204041671752929
Juwan Johnson,3,2025,11.1,14.286325,3.1863254547119144
Jahmyr Gibbs,2,2025,19.4,16.217588,-3.1824115753173814
DeVonta Smith,6,2025,8.9,12.078751,3.178750610351562
Chase Brown,12,2025,15.0,18.168352,3.1683521270751953
Baker Mayfield,14,2025,12.08,15.221467,3.1414670181274413
Chase Brown,18,2025,19.0,22.130535,3.130535125732422
Josh Jacobs,9,2025,20.0,23.125406,3.125406265258789
Trey Benson,4,2025,10.4,13.517827,3.1178270339965817
Jaylen Warren,9,2025,16.9,13.786041,-3.1139587402343736
Trevor Lawrence,6,2025,19.22,16.10967,-3.110329360961913
Ja'Marr Chase,3,2025,8.9,12.008199,3.108198738098144
CeeDee Lamb,12,2025,11.5,14.60442,3.104419708251953
Jaylen Warren,13,2025,12.4,15.503829,3.1038290023803707
Bijan Robinson,12,2025,12.7,15.79457,3.094569969177247
Bucky Irving,13,2025,16.1,19.182692,3.0826915740966783
Drake Maye,4,2025,23.22,20.142273,-3.077727050781249
Jayden Daniels,5,2025,17.14,14.066002,-3.073998107910157
Kyren Williams,18,2025,11.1,14.143861,3.0438608169555668
Jaylen Warren,3,2025,13.1,16.12711,3.027109527587891
Jordan Addison,5,2025,15.1,12.07385,-3.026150321960449
Rome Odunze,3,2025,15.2,12.1743765,-3.0256235122680657
Keenan Allen,2,2025,17.1,14.083219,-3.0167814254760756
Trevor Lawrence,7,2025,17.64,14.646436,-2.9935642623901373
Tyjae Spears,9,2025,9.2,12.156232,2.956231880187989
Tua Tagovailoa,4,2025,15.68,12.730513,-2.949487380981445
Rashee Rice,11,2025,9.8,12.743539,2.943538856506347
Jaylen Waddle,6,2025,15.82,12.878481,-2.9415190887451175
Ashton Jeanty,11,2025,9.4,12.33055,2.9305501937866207
Breece Hall,13,2025,15.6,18.510612,2.910612487792969
Jaxon Smith-Njigba,11,2025,20.6,17.689404,-2.9105964660644545
Brock Purdy,12,2025,10.32,13.217222,2.897222213745117
Cam Ward,7,2025,11.2,14.096269,2.8962686538696296
Kirk Cousins,18,2025,10.2,13.095942,2.8959415435791023
Drake Maye,9,2025,17.36,20.244492,2.884491577148438
Kyler Murray,5,2025,15.3,18.159042,2.859042358398437
Amon-Ra St. Brown,9,2025,18.7,15.854627,-2.845373344421386
Shedeur Sanders,17,2025,11.44,14.277265,2.837264595031739
Bo Nix,3,2025,13.42,16.248209,2.828208999633789
Bo Nix,6,2025,13.36,16.178984,2.8189836883544928
Trey McBride,3,2025,15.3,12.483981,-2.8160188674926765
J.J. McCarthy,10,2025,16.72,13.904998,-2.8150021743774403
Isiah Pacheco,7,2025,12.4,15.208506,2.8085056304931637
Kyle Pitts Sr.,18,2025,11.8,14.572328,2.7723276138305657
Jalen Hurts,15,2025,22.9,20.131845,-2.7681545257568345
George Pickens,9,2025,13.9,16.646107,2.7461067199707028
Jordan Love,15,2025,15.94,13.199861,-2.740139427185058
Saquon Barkley,15,2025,17.2,14.466199,-2.733801078796386
Rome Odunze,4,2025,16.9,14.181616,-2.718384170532225
Wan'Dale Robinson,15,2025,16.4,13.684289,-2.7157110214233384
Rashee Rice,15,2025,12.1,14.79364,2.6936401367187504
Chris Olave,3,2025,15.7,13.011645,-2.6883546829223626
Justin Jefferson,11,2025,11.1,13.778688,2.678688430786133
Rico Dowdle,13,2025,9.9,12.574913,2.6749130249023434
James Cook III,10,2025,10.7,13.374022,2.674021530151368
Sam Darnold,4,2025,16.08,13.407349,-2.6726513671874983
Jaxon Smith-Njigba,17,2025,16.2,13.543918,-2.656082344055175
Dak Prescott,13,2025,19.6,16.944498,-2.6555019378662124
Amon-Ra St. Brown,16,2025,9.4,12.042789,2.6427894592285153
Marcus Mariota,4,2025,15.24,12.605676,-2.63432430267334
TreVeyon Henderson,13,2025,11.6,14.231652,2.6316522598266605
De'Von Achane,15,2025,18.7,16.070086,-2.629914474487304
Dak Prescott,3,2025,12.04,14.648499,2.608498535156251
Jameson Williams,16,2025,12.0,14.605132,2.6051321029663086
Jordan Mason,7,2025,11.7,14.299516,2.5995157241821296
Hunter Henry,16,2025,15.5,12.910728,-2.5892715454101562
A.J. Brown,14,2025,16.0,13.438336,-2.5616636276245117
James Conner,2,2025,12.2,14.76102,2.561019706726075
Caleb Williams,15,2025,18.98,16.420412,-2.5595879364013676
Aaron Rodgers,8,2025,16.76,14.205456,-2.5545442199707047
Ladd McConkey,2,2025,9.8,12.349835,2.5498353958129876
Justin Herbert,6,2025,18.76,16.210855,-2.5491445159912125
Sam Darnold,15,2025,11.34,13.884195,2.544195327758789
Zay Flowers,11,2025,11.3,13.809474,2.5094739913940423
Spencer Rattler,4,2025,13.94,16.448582,2.508581695556641
Zach Charbonnet,16,2025,15.4,12.892774,-2.507226371765137
Derrick Henry,15,2025,10.0,12.506814,2.5068140029907227
Jared Goff,12,2025,18.16,15.655859,-2.5041410064697267
Jalen Hurts,13,2025,17.3,19.786886,2.4868862152099602
Tony Pollard,5,2025,14.8,12.3153105,-2.4846895217895515
Baker Mayfield,7,2025,12.12,14.594747,2.4747465896606453
Travis Etienne Jr.,10,2025,15.7,13.232591,-2.4674093246459954
Trevor Lawrence,11,2025,16.02,18.45491,2.434910278320313
Javonte Williams,15,2025,15.1,12.670056,-2.4299436569213864
RJ Harvey,15,2025,10.5,12.9214945,2.421494483947754
Davante Adams,4,2025,15.6,13.180864,-2.4191356658935543
Jared Goff,11,2025,13.1,15.51731,2.41731014251709
Jacoby Brissett,14,2025,20.04,17.626871,-2.41312889099121
Deebo Samuel,2,2025,17.4,14.98792,-2.4120801925659165
Davante Adams,15,2025,11.1,13.489715,2.389714622497559
Quentin Johnston,2,2025,15.9,13.526209,-2.373791122436524
Justin Jefferson,9,2025,16.7,14.330526,-2.3694736480712884
Xavier Worthy,5,2025,11.1,13.465707,2.365706825256348
Daniel Jones,10,2025,16.5,18.859854,2.359853744506836
Chase Brown,7,2025,12.0,14.349425,2.3494253158569336
Jaxon Smith-Njigba,15,2025,18.3,20.639624,2.3396236419677727
Bo Nix,8,2025,24.78,22.446434,-2.3335659790039074
Justin Jefferson,7,2025,12.9,15.225908,2.325908279418945
Stefon Diggs,8,2025,10.4,12.704316,2.304316139221191
J.K. Dobbins,8,2025,14.1,16.397394,2.297394180297852
C.J. Stroud,14,2025,12.62,14.90859,2.2885903167724617
D'Andre Swift,4,2025,16.0,13.732783,-2.267216682434082
Daniel Jones,12,2025,16.84,19.106249,2.2662488555908205
Jaxon Smith-Njigba,10,2025,20.3,22.563313,2.2633125305175774
Alvin Kamara,4,2025,11.2,13.452225,2.252224731445313
Baker Mayfield,6,2025,19.64,17.38842,-2.251579895019532
Cam Ward,15,2025,15.0,12.77037,-2.229630470275879
Aaron Rodgers,4,2025,12.8,14.987115,2.1871149063110344
Javonte Williams,14,2025,14.7,12.515371,-2.1846286773681634
Chase Brown,5,2025,11.8,13.978836,2.178836059570312
Kenneth Walker III,3,2025,18.0,15.8212805,-2.1787195205688477
Aaron Jones Sr.,11,2025,11.1,13.275554,2.175553703308106
James Cook III,4,2025,22.5,20.331364,-2.1686363220214844
Matthew Stafford,13,2025,13.62,15.774049,2.154048805236817
Bo Nix,5,2025,15.88,18.022501,2.1425009918212883
Tyler Shough,13,2025,16.36,14.218451,-2.141549453735351
Chase Brown,14,2025,18.5,16.362692,-2.137308120727539
Tyler Allgeier,6,2025,10.8,12.930234,2.1302339553833
Justin Jefferson,2,2025,11.1,13.226528,2.1265281677246097
James Cook III,9,2025,13.5,15.624107,2.1241073608398438
Rhamondre Stevenson,15,2025,10.7,12.820079,2.120078849792481
Javonte Williams,4,2025,19.0,21.079351,2.0793514251708984
DK Metcalf,2,2025,11.0,13.073182,2.0731821060180664
Trevor Lawrence,14,2025,19.36,17.308573,-2.0514272308349604
Drake Maye,13,2025,20.48,18.431757,-2.048243026733399
Rico Dowdle,10,2025,15.3,17.345123,2.0451232910156243
Puka Nacua,9,2025,22.8,20.758316,-2.041683959960938
DeVonta Smith,8,2025,14.4,12.375468,-2.024531745910645
Ja'Marr Chase,16,2025,19.9,17.885326,-2.0146736145019517
Chris Rodriguez Jr.,13,2025,10.1,12.109377,2.009376907348633
D'Andre Swift,8,2025,15.1,13.11695,-1.9830499649047848
Kyle Monangai,16,2025,12.3,14.281964,1.9819643020629876
Bryce Young,3,2025,11.64,13.601291,1.9612907028198237
Dak Prescott,9,2025,16.4,18.354166,1.9541660308837905
Omarion Hampton,14,2025,14.7,16.636143,1.9361427307128913
C.J. Stroud,16,2025,11.48,13.401255,1.9212546539306636
Kyle Monangai,12,2025,10.8,12.721004,1.9210035324096673
Bijan Robinson,2,2025,19.8,17.895872,-1.9041278839111335
George Pickens,8,2025,14.8,16.703176,1.9031764984130852
James Cook III,3,2025,20.8,18.896908,-1.9030921936035163
Bucky Irving,4,2025,25.5,23.599102,-1.9008979797363281
Trey McBride,18,2025,13.5,15.386149,1.8861494064331055
Alvin Kamara,6,2025,12.6,14.455184,1.8551839828491214
Bam Knight,11,2025,14.5,12.647504,-1.8524961471557617
Jawhar Jordan,16,2025,12.0,13.8403845,1.8403844833374023
Jameson Williams,14,2025,17.3,19.121998,1.8219978332519524
Michael Pittman Jr.,5,2025,14.9,13.089026,-1.8109735488891605
Aaron Rodgers,3,2025,12.66,14.446979,1.7869785690307616
Matthew Stafford,17,2025,15.76,13.985301,-1.7746989822387693
Davante Adams,5,2025,13.8,15.550494,1.750494194030761
Josh Allen,6,2025,17.4,19.145931,1.7459312438964858
De'Von Achane,5,2025,16.6,18.339046,1.739046478271483
Xavier Worthy,8,2025,10.3,12.031379,1.7313787460327141
Michael Pittman Jr.,4,2025,15.1,13.3773985,-1.722601509094238
Tetairoa McMillan,13,2025,11.3,13.018943,1.7189428329467766
Christian McCaffrey,13,2025,17.4,19.11062,1.710620498657228
Cam Skattebo,7,2025,18.4,16.706661,-1.6933387756347642
Jayden Daniels,9,2025,16.22,17.897123,1.6771233367919933
Trevor Lawrence,4,2025,11.66,13.329685,1.6696852111816405
Jaxon Smith-Njigba,18,2025,14.4,12.766256,-1.6337436676025394
Breece Hall,5,2025,17.5,15.8682165,-1.6317834854125977
Josh Jacobs,2,2025,14.4,16.026327,1.6263271331787106
Bijan Robinson,3,2025,16.1,17.703373,1.6033729553222642
De'Von Achane,14,2025,17.5,19.092188,1.5921878814697266
Woody Marks,8,2025,15.1,13.527935,-1.5720649719238278
Tre Tucker,5,2025,11.1,12.665187,1.5651868820190433
Zay Flowers,12,2025,11.9,13.457153,1.5571533203124996
Daniel Jones,7,2025,20.22,18.70429,-1.5157096099853504
Daniel Jones,5,2025,16.68,15.1752615,-1.5047385025024411
Daniel Jones,2,2025,22.84,21.342056,-1.4979437255859374
Josh Jacobs,3,2025,12.4,13.894026,1.4940258026123043
Bijan Robinson,9,2025,17.6,19.082945,1.4829448699951158
Jaylen Warren,18,2025,14.9,13.425792,-1.4742082595825199
Justin Herbert,5,2025,15.64,17.10619,1.4661897277832026
George Pickens,5,2025,13.7,15.160575,1.460574913024903
Bucky Irving,18,2025,10.8,12.247148,1.4471475601196282
Baker Mayfield,4,2025,19.86,18.41511,-1.4448903656005854
Puka Nacua,11,2025,14.3,12.86012,-1.4398801803588874
Rhamondre Stevenson,5,2025,14.7,13.266369,-1.4336311340332024
Christian McCaffrey,2,2025,22.7,21.273708,-1.42629165649414
Amon-Ra St. Brown,5,2025,18.0,16.580717,-1.4192829132080078
C.J. Stroud,4,2025,18.42,17.00749,-1.412509841918947
Jayden Daniels,7,2025,17.74,16.33003,-1.4099695587158187
Drake London,11,2025,18.9,17.494354,-1.4056457519531236
Drake London,10,2025,22.4,23.788523,1.3885227203369155
Emeka Egbuka,3,2025,14.5,13.114582,-1.3854179382324219
Spencer Rattler,7,2025,13.52,14.883319,1.3633189010620121
Jaxon Smith-Njigba,9,2025,22.0,20.63841,-1.3615894317626953
Drake Maye,7,2025,23.08,21.740484,-1.3395157623290999
J.K. Dobbins,3,2025,15.3,13.960583,-1.3394172668457038
Stefon Diggs,7,2025,13.9,12.564348,-1.335651779174805
D'Andre Swift,10,2025,14.8,16.118952,1.3189517974853509
Justin Herbert,2,2025,18.78,20.087204,1.3072039794921864
Bo Nix,9,2025,17.52,18.822834,1.3028340148925786
Dak Prescott,7,2025,23.26,21.976389,-1.2836110687255875
Keenan Allen,5,2025,10.8,12.079175,1.2791749954223626
Travis Etienne Jr.,2,2025,16.9,15.63058,-1.2694200515747056
Amon-Ra St. Brown,7,2025,20.6,19.344282,-1.2557178497314467
Tony Pollard,3,2025,13.9,12.646512,-1.2534879684448246
Cam Skattebo,5,2025,14.4,15.653157,1.2531572341918942
Jordan Love,6,2025,15.96,17.200882,1.2408819580078116
CeeDee Lamb,16,2025,11.1,12.33396,1.2339595794677738
Bo Nix,13,2025,17.44,16.2176,-1.2224001312255872
Ashton Jeanty,5,2025,15.9,17.118776,1.2187763214111325
Justin Jefferson,8,2025,14.4,15.600655,1.200654602050781
Jonathan Taylor,6,2025,23.7,24.896059,1.1960590362548835
Alvin Kamara,2,2025,16.0,14.809512,-1.1904878616333008
Caleb Williams,12,2025,21.66,20.476728,-1.1832715606689455
Chris Olave,8,2025,14.0,15.162587,1.1625871658325195
A.J. Brown,17,2025,11.8,12.947507,1.14750690460205
Daniel Jones,9,2025,17.08,18.22691,1.1469096374511736
Caleb Williams,2,2025,17.98,16.838009,-1.141991119384766
Tyrone Tracy Jr.,12,2025,16.0,14.872962,-1.1270380020141602
Kareem Hunt,11,2025,13.2,12.081683,-1.1183168411254876
Zay Flowers,2,2025,14.9,13.792349,-1.1076511383056644
Saquon Barkley,12,2025,12.4,13.461353,1.0613533020019528
Davante Adams,3,2025,14.6,13.562576,-1.0374237060546871
Tyler Shough,16,2025,17.12,16.097837,-1.0221625518798838
J.K. Dobbins,5,2025,15.4,14.393782,-1.0062183380126957
Cam Ward,8,2025,13.76,14.754063,0.9940626525878908
Zay Flowers,4,2025,14.4,13.409852,-0.990147972106934
D'Andre Swift,14,2025,11.2,12.15988,0.9598796844482429
Tyreek Hill,4,2025,12.7,13.64549,0.945489692687989
Bo Nix,14,2025,15.98,15.036102,-0.9438977050781254
Tua Tagovailoa,3,2025,13.84,12.911536,-0.92846378326416
George Pickens,13,2025,14.8,15.724018,0.9240180969238274
Baker Mayfield,18,2025,14.22,13.297429,-0.9225709152221686
Courtland Sutton,7,2025,14.7,13.785794,-0.9142057418823235
Drake Maye,12,2025,16.96,16.049839,-0.9101609802246102
TreVeyon Henderson,4,2025,12.6,13.507351,0.9073509216308597
Justin Fields,5,2025,21.92,21.024466,-0.8955344390869158
Jaxon Smith-Njigba,4,2025,13.0,13.8733835,0.8733835220336914
Oronde Gadsden,9,2025,11.8,12.639796,0.8397962570190423
Saquon Barkley,5,2025,17.8,16.964035,-0.8359649658203132
Baker Mayfield,3,2025,17.72,18.544167,0.8241665649414074
Patrick Mahomes,15,2025,14.06,14.880243,0.8202433013916011
Trey McBride,12,2025,16.9,16.08777,-0.8122295379638658
Chuba Hubbard,2,2025,18.7,17.91673,-0.7832691192626946
Zay Flowers,17,2025,13.0,12.225976,-0.7740240097045898
Zay Flowers,15,2025,15.8,16.552067,0.7520668029785149
D'Andre Swift,2,2025,13.9,13.166764,-0.7332357406616214
A.J. Brown,11,2025,11.9,12.624034,0.7240339279174801
Kyler Murray,4,2025,18.1,18.812534,0.7125343322753892
Aaron Jones Sr.,17,2025,15.3,14.591633,-0.7083671569824226
Kenneth Walker III,4,2025,12.0,12.706285,0.7062854766845703
Kyler Murray,2,2025,15.0,15.700249,0.7002487182617188
Chris Olave,5,2025,12.9,13.598936,0.6989360809326168
Mac Jones,6,2025,13.18,12.499474,-0.680526428222656
Caleb Williams,14,2025,15.94,16.615486,0.6754861450195317
Puka Nacua,10,2025,17.4,18.075123,0.6751228332519545
Isiah Pacheco,4,2025,12.8,12.142015,-0.6579845428466804
Jared Goff,18,2025,16.24,15.586218,-0.653782119750975
Geno Smith,12,2025,14.2,14.853094,0.6530941009521491
Jacoby Brissett,12,2025,18.68,18.052746,-0.6272541809082028
C.J. Stroud,2,2025,14.98,14.389843,-0.5901570129394536
Travis Etienne Jr.,16,2025,16.6,16.017221,-0.5827785491943374
Josh Allen,5,2025,20.42,20.983597,0.5635968017578108
Jared Goff,6,2025,16.82,17.373528,0.5535275268554685
Josh Jacobs,14,2025,17.2,16.649265,-0.5507347106933587
Dillon Gabriel,8,2025,13.54,12.995044,-0.5449562454223624
Javonte Williams,13,2025,17.0,17.516293,0.5162925720214844
Kyren Williams,11,2025,16.6,17.094067,0.49406661987304545
De'Von Achane,17,2025,14.2,13.7234,-0.4765998840332024
Daniel Jones,3,2025,15.82,16.292639,0.47263877868652315
Jordan Mason,5,2025,12.6,12.137849,-0.46215114593505824
Ashton Jeanty,13,2025,12.1,12.552935,0.45293464660644567
Jonathan Taylor,16,2025,16.9,17.339087,0.43908653259277486
Ashton Jeanty,6,2025,16.6,16.170395,-0.4296051025390639
Mike Evans,3,2025,13.3,12.889142,-0.41085796356201243
Kyren Williams,13,2025,13.2,13.605618,0.4056175231933601
Amon-Ra St. Brown,10,2025,16.8,17.194086,0.39408607482910085
Josh Allen,10,2025,20.34,20.733019,0.39301887512207045
Drake Maye,10,2025,19.1,18.710882,-0.389117813110353
Michael Pittman Jr.,12,2025,13.7,13.315435,-0.38456459045410085
Puka Nacua,13,2025,13.2,12.848944,-0.35105628967285085
Derrick Henry,6,2025,14.0,13.659591,-0.3404092788696289
Zach Charbonnet,5,2025,11.8,12.131286,0.3312856674194329
Jordan Love,11,2025,15.66,15.985184,0.32518371582031236
Justin Jefferson,3,2025,12.5,12.81127,0.31126976013183594
Jalen Hurts,4,2025,19.4,19.704594,0.30459365844726705
Mike Evans,16,2025,14.1,14.395953,0.2959531784057621
TreVeyon Henderson,9,2025,12.7,12.406106,-0.29389400482177663
Mac Jones,3,2025,14.26,13.968408,-0.29159236907958963
Michael Penix Jr.,7,2025,12.24,12.512737,0.27273727416992166
Quinshon Judkins,13,2025,13.9,13.632266,-0.26773395538330114
J.K. Dobbins,2,2025,15.5,15.232284,-0.2677164077758789
Quentin Johnston,3,2025,14.9,14.636178,-0.2638219833374027
Emeka Egbuka,2,2025,12.9,12.638912,-0.261087799072266
Chase Brown,15,2025,16.0,16.260317,0.2603168487548828
Saquon Barkley,2,2025,17.4,17.16461,-0.2353900909423814
Christian McCaffrey,4,2025,26.1,25.878977,-0.22102317810058736
Bucky Irving,14,2025,16.1,15.896187,-0.20381317138672017
Troy Franklin,10,2025,15.0,14.806298,-0.19370174407958984
Jake Ferguson,4,2025,17.0,17.18801,0.18800926208496094
C.J. Stroud,7,2025,14.66,14.487013,-0.17298713684082045
Jayden Daniels,2,2025,17.7,17.532616,-0.16738433837890554
Ja'Marr Chase,8,2025,21.1,21.263792,0.16379203796386577
Jakobi Meyers,2,2025,12.8,12.946904,0.14690418243408132
Javonte Williams,7,2025,18.8,18.66378,-0.13621978759765696
Puka Nacua,12,2025,16.7,16.56855,-0.13144989013671804
Jalen Hurts,5,2025,19.5,19.625252,0.12525177001953125
Christian McCaffrey,3,2025,24.0,23.875357,-0.12464332580566406
Ashton Jeanty,10,2025,15.3,15.422931,0.12293071746826101
Ja'Marr Chase,13,2025,18.0,18.111872,0.11187171936035156
Bryce Young,5,2025,13.02,13.126488,0.10648773193359418
Kyren Williams,6,2025,16.7,16.59778,-0.10221977233886648
Jahmyr Gibbs,5,2025,16.7,16.609686,-0.09031410217285085
Caleb Williams,18,2025,15.58,15.665619,0.08561889648437493
Jaylen Waddle,9,2025,14.2,14.1176605,-0.08233947753906179
Nick Chubb,5,2025,12.1,12.025667,-0.07433280944824183
Josh Jacobs,10,2025,19.7,19.62669,-0.07331008911132741
David Montgomery,14,2025,14.3,14.3561945,0.056194496154784446
Cam Ward,11,2025,13.06,13.116028,0.0560278320312495
Jonathan Taylor,15,2025,13.1,13.045846,-0.05415401458740199
Bo Nix,16,2025,16.18,16.139877,-0.040122680664062216
Spencer Rattler,5,2025,16.1,16.133394,0.03339424133300639
Bijan Robinson,7,2025,21.2,21.226082,0.02608184814453196
Baker Mayfield,13,2025,14.46,14.434307,-0.025692901611328978
David Montgomery,2,2025,13.1,13.11983,0.019830131530762074
Kyren Williams,9,2025,17.4,17.383545,-0.01645507812499858
Matthew Stafford,3,2025,14.84,14.856166,0.01616588592529311
Wan'Dale Robinson,10,2025,12.2,12.213353,0.013353157043457742
Mac Jones,9,2025,15.8,15.787417,-0.012582588195801492
Trey McBride,4,2025,12.2,12.209218,0.009218025207520242
Josh Allen,13,2025,17.72,17.727737,0.007737426757813637
Carson Wentz,7,2025,13.32,13.326879,0.006878547668456747
