"player_name","position","adp","times_drafted","high","low","stdev","total_drafts","start_date","end_date"
"Jahmyr Gibbs","RB",1.6,765,1,4,0.7,4460,"2026-07-28","2026-08-04"
"Jahmyr Gibbs","RB",1.6,765,1,4,0.7,4460,"2026-07-28","2026-08-04"
"Bijan Robinson","RB",2,553,1,4,0.8,4460,"2026-07-28","2026-08-04"
"Bijan Robinson","RB",2,553,1,4,0.8,4460,"2026-07-28","2026-08-04"
"Puka Nacua","WR",2.7,184,1,6,0.9,4460,"2026-07-28","2026-08-04"
"Puka Nacua","WR",2.7,184,1,6,0.9,4460,"2026-07-28","2026-08-04"
"Ja'Marr Chase","WR",3.9,1011,1,7,1,4460,"2026-07-28","2026-08-04"
"Ja'Marr Chase","WR",3.9,1011,1,7,1,4460,"2026-07-28","2026-08-04"
"Christian McCaffrey","RB",5.3,493,1,10,1.3,4460,"2026-07-28","2026-08-04"
"Christian McCaffrey","RB",5.3,493,1,10,1.3,4460,"2026-07-28","2026-08-04"
"Jaxon Smith-Njigba","WR",5.9,583,2,11,1.2,4460,"2026-07-28","2026-08-04"
"Jaxon Smith-Njigba","WR",5.9,583,2,11,1.2,4460,"2026-07-28","2026-08-04"
"Amon-Ra St. Brown","WR",7.2,611,3,11,1.3,4460,"2026-07-28","2026-08-04"
"Amon-Ra St. Brown","WR",7.2,611,3,11,1.3,4460,"2026-07-28","2026-08-04"
"Jonathan Taylor","RB",7.6,677,3,13,1.6,4460,"2026-07-28","2026-08-04"
"Jonathan Taylor","RB",7.6,677,3,13,1.6,4460,"2026-07-28","2026-08-04"
"De'Von Achane","RB",9.4,280,4,15,1.8,4460,"2026-07-28","2026-08-04"
"De'Von Achane","RB",9.4,280,4,15,1.8,4460,"2026-07-28","2026-08-04"
"Drake London","WR",10.8,198,7,16,1.6,4460,"2026-07-28","2026-08-04"
"Drake London","WR",10.8,198,7,16,1.6,4460,"2026-07-28","2026-08-04"
"CeeDee Lamb","WR",11.3,622,6,18,2,4460,"2026-07-28","2026-08-04"
"CeeDee Lamb","WR",11.3,622,6,18,2,4460,"2026-07-28","2026-08-04"
"Rashee Rice","WR",11.5,123,7,16,1.6,4460,"2026-07-28","2026-08-04"
"Rashee Rice","WR",11.5,123,7,16,1.6,4460,"2026-07-28","2026-08-04"
"Chase Brown","RB",12.3,546,6,21,2.2,4460,"2026-07-28","2026-08-04"
"Chase Brown","RB",12.3,546,6,21,2.2,4460,"2026-07-28","2026-08-04"
"Justin Jefferson","WR",13.3,622,6,20,2.7,4460,"2026-07-28","2026-08-04"
"Justin Jefferson","WR",13.3,622,6,20,2.7,4460,"2026-07-28","2026-08-04"
"Ashton Jeanty","RB",13.8,620,5,21,3.1,4460,"2026-07-28","2026-08-04"
"Ashton Jeanty","RB",13.8,620,5,21,3.1,4460,"2026-07-28","2026-08-04"
"James Cook III","RB",15.3,1169,7,23,2.9,4460,"2026-07-28","2026-08-04"
"James Cook III","RB",15.3,1169,7,23,2.9,4460,"2026-07-28","2026-08-04"
"Derrick Henry","RB",16.1,276,7,24,3.2,4460,"2026-07-28","2026-08-04"
"Derrick Henry","RB",16.1,276,7,24,3.2,4460,"2026-07-28","2026-08-04"
"A.J. Brown","WR",17.3,585,9,24,2.9,4460,"2026-07-28","2026-08-04"
"A.J. Brown","WR",17.3,585,9,24,2.9,4460,"2026-07-28","2026-08-04"
"Saquon Barkley","RB",18.8,998,10,27,3.1,4460,"2026-07-28","2026-08-04"
"Saquon Barkley","RB",18.8,998,10,27,3.1,4460,"2026-07-28","2026-08-04"
"Omarion Hampton","RB",20,1080,10,30,3.5,4460,"2026-07-28","2026-08-04"
"Omarion Hampton","RB",20,1080,10,30,3.5,4460,"2026-07-28","2026-08-04"
"Chris Olave","WR",20.2,181,14,27,2.3,4460,"2026-07-28","2026-08-04"
"Chris Olave","WR",20.2,181,14,27,2.3,4460,"2026-07-28","2026-08-04"
"George Pickens","WR",21.3,379,14,29,2.6,4460,"2026-07-28","2026-08-04"
"George Pickens","WR",21.3,379,14,29,2.6,4460,"2026-07-28","2026-08-04"
"Nico Collins","WR",23.1,490,16,30,2.6,4460,"2026-07-28","2026-08-04"
"Nico Collins","WR",23.1,490,16,30,2.6,4460,"2026-07-28","2026-08-04"
"Josh Jacobs","RB",24.6,298,18,31,2.7,4460,"2026-07-28","2026-08-04"
"Josh Jacobs","RB",24.6,298,18,31,2.7,4460,"2026-07-28","2026-08-04"
"Jeremiyah Love","RB",25.1,298,17,32,3,4460,"2026-07-28","2026-08-04"
"Jeremiyah Love","RB",25.1,298,17,32,3,4460,"2026-07-28","2026-08-04"
"Josh Allen","QB",26.4,541,9,42,6.6,4460,"2026-07-28","2026-08-04"
"Josh Allen","QB",26.4,541,9,42,6.6,4460,"2026-07-28","2026-08-04"
"Zay Flowers","WR",26.5,150,20,33,2.8,4460,"2026-07-28","2026-08-04"
"Zay Flowers","WR",26.5,150,20,33,2.8,4460,"2026-07-28","2026-08-04"
"Kenneth Walker III","RB",26.8,1261,17,37,3.7,4460,"2026-07-28","2026-08-04"
"Kenneth Walker III","RB",26.8,1261,17,37,3.7,4460,"2026-07-28","2026-08-04"
"Breece Hall","RB",28,198,20,36,2.7,4460,"2026-07-28","2026-08-04"
"Breece Hall","RB",28,198,20,36,2.7,4460,"2026-07-28","2026-08-04"
"Garrett Wilson","WR",28.2,184,22,36,2.8,4460,"2026-07-28","2026-08-04"
"Garrett Wilson","WR",28.2,184,22,36,2.8,4460,"2026-07-28","2026-08-04"
"DeVonta Smith","WR",28.9,590,20,38,3.4,4460,"2026-07-28","2026-08-04"
"DeVonta Smith","WR",28.9,590,20,38,3.4,4460,"2026-07-28","2026-08-04"
"Cam Skattebo","RB",30.8,283,21,42,3.5,4460,"2026-07-28","2026-08-04"
"Cam Skattebo","RB",30.8,283,21,42,3.5,4460,"2026-07-28","2026-08-04"
"Kyren Williams","RB",32.2,609,22,44,3.6,4460,"2026-07-28","2026-08-04"
"Kyren Williams","RB",32.2,609,22,44,3.6,4460,"2026-07-28","2026-08-04"
"Tetairoa McMillan","WR",33.7,384,24,43,3.4,4460,"2026-07-28","2026-08-04"
"Tetairoa McMillan","WR",33.7,384,24,43,3.4,4460,"2026-07-28","2026-08-04"
"Emeka Egbuka","WR",33.8,824,21,49,4.5,4460,"2026-07-28","2026-08-04"
"Emeka Egbuka","WR",33.8,824,21,49,4.5,4460,"2026-07-28","2026-08-04"
"Malik Nabers","WR",34.8,766,22,56,4.7,4460,"2026-07-28","2026-08-04"
"Malik Nabers","WR",34.8,766,22,56,4.7,4460,"2026-07-28","2026-08-04"
"Trey McBride","TE",35.2,769,19,49,6.2,4460,"2026-07-28","2026-08-04"
"Trey McBride","TE",35.2,769,19,49,6.2,4460,"2026-07-28","2026-08-04"
"Javonte Williams","RB",36.4,587,25,47,4,4460,"2026-07-28","2026-08-04"
"Javonte Williams","RB",36.4,587,25,47,4,4460,"2026-07-28","2026-08-04"
"Travis Etienne Jr.","RB",36.5,268,27,48,3.7,4460,"2026-07-28","2026-08-04"
"Travis Etienne Jr.","RB",36.5,268,27,48,3.7,4460,"2026-07-28","2026-08-04"
"Tee Higgins","WR",39.4,407,28,53,4.2,4460,"2026-07-28","2026-08-04"
"Tee Higgins","WR",39.4,407,28,53,4.2,4460,"2026-07-28","2026-08-04"
"Brock Bowers","TE",40.7,1229,17,58,8.8,4460,"2026-07-28","2026-08-04"
"Brock Bowers","TE",40.7,1229,17,58,8.8,4460,"2026-07-28","2026-08-04"
"Davante Adams","WR",40.9,291,30,51,3.9,4460,"2026-07-28","2026-08-04"
"Davante Adams","WR",40.9,291,30,51,3.9,4460,"2026-07-28","2026-08-04"
"Bucky Irving","RB",42,315,31,52,3.9,4460,"2026-07-28","2026-08-04"
"Bucky Irving","RB",42,315,31,52,3.9,4460,"2026-07-28","2026-08-04"
"Terry McLaurin","WR",42.6,464,32,56,3.8,4460,"2026-07-28","2026-08-04"
"Terry McLaurin","WR",42.6,464,32,56,3.8,4460,"2026-07-28","2026-08-04"
"Ladd McConkey","WR",44.2,896,32,65,4.6,4460,"2026-07-28","2026-08-04"
"Ladd McConkey","WR",44.2,896,32,65,4.6,4460,"2026-07-28","2026-08-04"
"D'Andre Swift","RB",45,316,34,59,4.4,4460,"2026-07-28","2026-08-04"
"D'Andre Swift","RB",45,316,34,59,4.4,4460,"2026-07-28","2026-08-04"
"Jameson Williams","WR",45.7,184,33,63,4.8,4460,"2026-07-28","2026-08-04"
"Jameson Williams","WR",45.7,184,33,63,4.8,4460,"2026-07-28","2026-08-04"
"Jaylen Waddle","WR",49,685,35,73,5.4,4460,"2026-07-28","2026-08-04"
"Jaylen Waddle","WR",49,685,35,73,5.4,4460,"2026-07-28","2026-08-04"
"Quinshon Judkins","RB",49.4,622,35,65,5.5,4460,"2026-07-28","2026-08-04"
"Drake Maye","QB",49.4,222,29,64,7.5,4460,"2026-07-28","2026-08-04"
"Quinshon Judkins","RB",49.4,622,35,65,5.5,4460,"2026-07-28","2026-08-04"
"Drake Maye","QB",49.4,222,29,64,7.5,4460,"2026-07-28","2026-08-04"
"Rome Odunze","WR",50.4,355,36,70,5.5,4460,"2026-07-28","2026-08-04"
"Rome Odunze","WR",50.4,355,36,70,5.5,4460,"2026-07-28","2026-08-04"
"DJ Moore","WR",51.1,650,35,84,6.1,4460,"2026-07-28","2026-08-04"
"DJ Moore","WR",51.1,650,35,84,6.1,4460,"2026-07-28","2026-08-04"
"Bhayshul Tuten","RB",51.3,538,38,66,5.1,4460,"2026-07-28","2026-08-04"
"Bhayshul Tuten","RB",51.3,538,38,66,5.1,4460,"2026-07-28","2026-08-04"
"Luther Burden III","WR",53.5,529,36,73,6.6,4460,"2026-07-28","2026-08-04"
"Luther Burden III","WR",53.5,529,36,73,6.6,4460,"2026-07-28","2026-08-04"
"Lamar Jackson","QB",54,340,32,69,8.4,4460,"2026-07-28","2026-08-04"
"Lamar Jackson","QB",54,340,32,69,8.4,4460,"2026-07-28","2026-08-04"
"Alec Pierce","WR",55.6,177,41,70,5.7,4460,"2026-07-28","2026-08-04"
"Alec Pierce","WR",55.6,177,41,70,5.7,4460,"2026-07-28","2026-08-04"
"TreVeyon Henderson","RB",55.9,456,40,71,5.9,4460,"2026-07-28","2026-08-04"
"TreVeyon Henderson","RB",55.9,456,40,71,5.9,4460,"2026-07-28","2026-08-04"
"Joe Burrow","QB",57.3,417,34,74,8.7,4460,"2026-07-28","2026-08-04"
"Joe Burrow","QB",57.3,417,34,74,8.7,4460,"2026-07-28","2026-08-04"
"Courtland Sutton","WR",59.5,213,48,81,6.1,4460,"2026-07-28","2026-08-04"
"Courtland Sutton","WR",59.5,213,48,81,6.1,4460,"2026-07-28","2026-08-04"
"Mike Evans","WR",60,1034,42,81,6.7,4460,"2026-07-28","2026-08-04"
"Mike Evans","WR",60,1034,42,81,6.7,4460,"2026-07-28","2026-08-04"
"Colston Loveland","TE",61.1,683,35,85,9.7,4460,"2026-07-28","2026-08-04"
"Colston Loveland","TE",61.1,683,35,85,9.7,4460,"2026-07-28","2026-08-04"
"Tony Pollard","RB",62,208,43,80,7.2,4460,"2026-07-28","2026-08-04"
"Tony Pollard","RB",62,208,43,80,7.2,4460,"2026-07-28","2026-08-04"
"David Montgomery","RB",62.7,784,43,83,7.3,4460,"2026-07-28","2026-08-04"
"David Montgomery","RB",62.7,784,43,83,7.3,4460,"2026-07-28","2026-08-04"
"Marvin Harrison Jr.","WR",62.8,430,45,84,6.7,4460,"2026-07-28","2026-08-04"
"Marvin Harrison Jr.","WR",62.8,430,45,84,6.7,4460,"2026-07-28","2026-08-04"
"Jadarian Price","RB",64.7,759,45,85,7.5,4460,"2026-07-28","2026-08-04"
"Jadarian Price","RB",64.7,759,45,85,7.5,4460,"2026-07-28","2026-08-04"
"DK Metcalf","WR",65.9,334,46,83,7.3,4460,"2026-07-28","2026-08-04"
"DK Metcalf","WR",65.9,334,46,83,7.3,4460,"2026-07-28","2026-08-04"
"Jaylen Warren","RB",66.3,148,52,85,6.1,4460,"2026-07-28","2026-08-04"
"Jaylen Warren","RB",66.3,148,52,85,6.1,4460,"2026-07-28","2026-08-04"
"Tyler Warren","TE",66.7,726,42,89,9.4,4460,"2026-07-28","2026-08-04"
"Tyler Warren","TE",66.7,726,42,89,9.4,4460,"2026-07-28","2026-08-04"
"Dak Prescott","QB",67.1,278,45,91,8.4,4460,"2026-07-28","2026-08-04"
"Dak Prescott","QB",67.1,278,45,91,8.4,4460,"2026-07-28","2026-08-04"
"Christian Watson","WR",68.2,1110,46,87,8.2,4460,"2026-07-28","2026-08-04"
"Christian Watson","WR",68.2,1110,46,87,8.2,4460,"2026-07-28","2026-08-04"
"Jayden Daniels","QB",71.1,232,50,100,8.1,4460,"2026-07-28","2026-08-04"
"Jayden Daniels","QB",71.1,232,50,100,8.1,4460,"2026-07-28","2026-08-04"
"Wan'Dale Robinson","WR",71.4,308,50,106,7.9,4460,"2026-07-28","2026-08-04"
"Wan'Dale Robinson","WR",71.4,308,50,106,7.9,4460,"2026-07-28","2026-08-04"
"Michael Pittman Jr.","WR",72.4,373,53,89,7.2,4460,"2026-07-28","2026-08-04"
"Michael Pittman Jr.","WR",72.4,373,53,89,7.2,4460,"2026-07-28","2026-08-04"
"Rhamondre Stevenson","RB",72.6,143,55,97,6.6,4460,"2026-07-28","2026-08-04"
"Rhamondre Stevenson","RB",72.6,143,55,97,6.6,4460,"2026-07-28","2026-08-04"
"Rico Dowdle","RB",74.1,188,55,98,7,4460,"2026-07-28","2026-08-04"
"Rico Dowdle","RB",74.1,188,55,98,7,4460,"2026-07-28","2026-08-04"
"Chuba Hubbard","RB",74.4,218,58,97,6.1,4460,"2026-07-28","2026-08-04"
"Chuba Hubbard","RB",74.4,218,58,97,6.1,4460,"2026-07-28","2026-08-04"
"Jalen Hurts","QB",75,264,52,112,8.7,4460,"2026-07-28","2026-08-04"
"Jalen Hurts","QB",75,264,52,112,8.7,4460,"2026-07-28","2026-08-04"
"Carnell Tate","WR",75.6,682,55,93,7.7,4460,"2026-07-28","2026-08-04"
"Carnell Tate","WR",75.6,682,55,93,7.7,4460,"2026-07-28","2026-08-04"
"Jakobi Meyers","WR",76.4,192,58,94,7,4460,"2026-07-28","2026-08-04"
"Jakobi Meyers","WR",76.4,192,58,94,7,4460,"2026-07-28","2026-08-04"
"Parker Washington","WR",76.7,550,56,96,7.8,4460,"2026-07-28","2026-08-04"
"Parker Washington","WR",76.7,550,56,96,7.8,4460,"2026-07-28","2026-08-04"
"Kyle Pitts Sr.","TE",78.9,165,61,92,6.8,4460,"2026-07-28","2026-08-04"
"Kyle Pitts Sr.","TE",78.9,165,61,92,6.8,4460,"2026-07-28","2026-08-04"
"Harold Fannin Jr.","TE",80.2,95,61,95,8.3,4460,"2026-07-28","2026-08-04"
"Harold Fannin Jr.","TE",80.2,95,61,95,8.3,4460,"2026-07-28","2026-08-04"
"Brock Purdy","QB",81.5,96,57,104,11.4,4460,"2026-07-28","2026-08-04"
"Brock Purdy","QB",81.5,96,57,104,11.4,4460,"2026-07-28","2026-08-04"
"RJ Harvey","RB",83.1,400,58,117,9.5,4460,"2026-07-28","2026-08-04"
"RJ Harvey","RB",83.1,400,58,117,9.5,4460,"2026-07-28","2026-08-04"
"Brian Thomas Jr.","WR",83.3,854,59,104,9.1,4460,"2026-07-28","2026-08-04"
"Brian Thomas Jr.","WR",83.3,854,59,104,9.1,4460,"2026-07-28","2026-08-04"
"Matthew Stafford","QB",83.8,273,59,114,10.9,4460,"2026-07-28","2026-08-04"
"Matthew Stafford","QB",83.8,273,59,114,10.9,4460,"2026-07-28","2026-08-04"
"Jordyn Tyson","WR",85.2,467,66,103,7.2,4460,"2026-07-28","2026-08-04"
"Jordyn Tyson","WR",85.2,467,66,103,7.2,4460,"2026-07-28","2026-08-04"
"Chris Godwin Jr.","WR",86.7,488,66,107,7.7,4460,"2026-07-28","2026-08-04"
"Chris Godwin Jr.","WR",86.7,488,66,107,7.7,4460,"2026-07-28","2026-08-04"
"Michael Wilson","WR",87.9,548,62,112,9.9,4460,"2026-07-28","2026-08-04"
"Michael Wilson","WR",87.9,548,62,112,9.9,4460,"2026-07-28","2026-08-04"
"Sam LaPorta","TE",88.4,277,62,138,10.1,4460,"2026-07-28","2026-08-04"
"Sam LaPorta","TE",88.4,277,62,138,10.1,4460,"2026-07-28","2026-08-04"
"Trevor Lawrence","QB",89.2,482,58,116,12,4460,"2026-07-28","2026-08-04"
"Trevor Lawrence","QB",89.2,482,58,116,12,4460,"2026-07-28","2026-08-04"
"Kenny Gainwell","RB",90.2,325,64,120,9.8,4460,"2026-07-28","2026-08-04"
"Kenny Gainwell","RB",90.2,325,64,120,9.8,4460,"2026-07-28","2026-08-04"
"Aaron Jones Sr.","RB",90.8,232,69,120,9.8,4460,"2026-07-28","2026-08-04"
"Aaron Jones Sr.","RB",90.8,232,69,120,9.8,4460,"2026-07-28","2026-08-04"
"J.K. Dobbins","RB",91.3,412,67,116,9.1,4460,"2026-07-28","2026-08-04"
"J.K. Dobbins","RB",91.3,412,67,116,9.1,4460,"2026-07-28","2026-08-04"
"Jayden Reed","WR",91.5,220,73,113,7.1,4460,"2026-07-28","2026-08-04"
"Jayden Reed","WR",91.5,220,73,113,7.1,4460,"2026-07-28","2026-08-04"
"Josh Downs","WR",92.1,391,67,114,9.4,4460,"2026-07-28","2026-08-04"
"Josh Downs","WR",92.1,391,67,114,9.4,4460,"2026-07-28","2026-08-04"
"Quentin Johnston","WR",94.1,460,71,118,8.5,4460,"2026-07-28","2026-08-04"
"Quentin Johnston","WR",94.1,460,71,118,8.5,4460,"2026-07-28","2026-08-04"
"Travis Kelce","TE",94.4,87,51,138,16.6,4460,"2026-07-28","2026-08-04"
"Travis Kelce","TE",94.4,87,51,138,16.6,4460,"2026-07-28","2026-08-04"
"Denver Defense","DEF",95.9,165,71,112,9.4,4460,"2026-07-28","2026-08-04"
"Denver Defense","DEF",95.9,165,71,112,9.4,4460,"2026-07-28","2026-08-04"
"Patrick Mahomes","QB",96.6,428,63,130,12.9,4460,"2026-07-28","2026-08-04"
"Patrick Mahomes","QB",96.6,428,63,130,12.9,4460,"2026-07-28","2026-08-04"
"Rachaad White","RB",98,370,71,127,10.1,4460,"2026-07-28","2026-08-04"
"Rachaad White","RB",98,370,71,127,10.1,4460,"2026-07-28","2026-08-04"
"Kyle Monangai","RB",99.5,561,69,124,11.6,4460,"2026-07-28","2026-08-04"
"Kyle Monangai","RB",99.5,561,69,124,11.6,4460,"2026-07-28","2026-08-04"
"Khalil Shakir","WR",99.8,141,80,120,7.6,4460,"2026-07-28","2026-08-04"
"Khalil Shakir","WR",99.8,141,80,120,7.6,4460,"2026-07-28","2026-08-04"
"Seattle Defense","DEF",100.1,171,72,120,10.5,4460,"2026-07-28","2026-08-04"
"Seattle Defense","DEF",100.1,171,72,120,10.5,4460,"2026-07-28","2026-08-04"
"Jordan Addison","WR",101.2,263,78,120,8.7,4460,"2026-07-28","2026-08-04"
"Jordan Addison","WR",101.2,263,78,120,8.7,4460,"2026-07-28","2026-08-04"
"Deebo Samuel Sr.","WR",101.9,96,57,163,16.9,4460,"2026-07-28","2026-08-04"
"Deebo Samuel Sr.","WR",101.9,96,57,163,16.9,4460,"2026-07-28","2026-08-04"
"Jaxson Dart","QB",103.5,344,70,130,12.6,4460,"2026-07-28","2026-08-04"
"Jaxson Dart","QB",103.5,344,70,130,12.6,4460,"2026-07-28","2026-08-04"
"Xavier Worthy","WR",104.1,260,87,118,6.6,4460,"2026-07-28","2026-08-04"
"Xavier Worthy","WR",104.1,260,87,118,6.6,4460,"2026-07-28","2026-08-04"
"Jared Goff","QB",104.6,316,67,144,14.6,4460,"2026-07-28","2026-08-04"
"Jared Goff","QB",104.6,316,67,144,14.6,4460,"2026-07-28","2026-08-04"
"Dallas Goedert","TE",105.1,103,53,147,19.7,4460,"2026-07-28","2026-08-04"
"Dallas Goedert","TE",105.1,103,53,147,19.7,4460,"2026-07-28","2026-08-04"
"Makai Lemon","WR",105.2,468,84,121,7.8,4460,"2026-07-28","2026-08-04"
"Makai Lemon","WR",105.2,468,84,121,7.8,4460,"2026-07-28","2026-08-04"
"Caleb Williams","QB",105.3,696,65,137,15.3,4460,"2026-07-28","2026-08-04"
"Caleb Williams","QB",105.3,696,65,137,15.3,4460,"2026-07-28","2026-08-04"
"Houston Defense","DEF",106.8,458,83,132,8.9,4460,"2026-07-28","2026-08-04"
"Houston Defense","DEF",106.8,458,83,132,8.9,4460,"2026-07-28","2026-08-04"
"Ricky Pearsall","WR",107.4,256,82,147,12.3,4460,"2026-07-28","2026-08-04"
"Ricky Pearsall","WR",107.4,256,82,147,12.3,4460,"2026-07-28","2026-08-04"
"Romeo Doubs","WR",107.9,141,84,124,9.1,4460,"2026-07-28","2026-08-04"
"Romeo Doubs","WR",107.9,141,84,124,9.1,4460,"2026-07-28","2026-08-04"
"Justin Herbert","QB",108.2,635,68,139,15.2,4460,"2026-07-28","2026-08-04"
"Justin Herbert","QB",108.2,635,68,139,15.2,4460,"2026-07-28","2026-08-04"
"Jacory Croskey-Merritt","RB",113.9,453,75,146,14.7,4460,"2026-07-28","2026-08-04"
"Jacory Croskey-Merritt","RB",113.9,453,75,146,14.7,4460,"2026-07-28","2026-08-04"
"Tucker Kraft","TE",114.5,793,58,171,21.7,4460,"2026-07-28","2026-08-04"
"Tucker Kraft","TE",114.5,793,58,171,21.7,4460,"2026-07-28","2026-08-04"
"John Metchie III","WR",114.8,31,108,124,3.7,4460,"2026-07-28","2026-08-04"
"John Metchie III","WR",114.8,31,108,124,3.7,4460,"2026-07-28","2026-08-04"
"Jonathon Brooks","RB",117.2,998,76,152,15.8,4460,"2026-07-28","2026-08-04"
"Jonathon Brooks","RB",117.2,998,76,152,15.8,4460,"2026-07-28","2026-08-04"
"George Kittle","TE",117.8,411,67,172,19.2,4460,"2026-07-28","2026-08-04"
"George Kittle","TE",117.8,411,67,172,19.2,4460,"2026-07-28","2026-08-04"
"Rashid Shaheed","WR",117.9,243,98,147,7.6,4460,"2026-07-28","2026-08-04"
"Rashid Shaheed","WR",117.9,243,98,147,7.6,4460,"2026-07-28","2026-08-04"
"Matthew Golden","WR",118.6,414,90,149,11,4460,"2026-07-28","2026-08-04"
"Matthew Golden","WR",118.6,414,90,149,11,4460,"2026-07-28","2026-08-04"
"Blake Corum","RB",119.6,841,80,151,15,4460,"2026-07-28","2026-08-04"
"Blake Corum","RB",119.6,841,80,151,15,4460,"2026-07-28","2026-08-04"
"Minnesota Defense","DEF",120.5,65,102,152,9.5,4460,"2026-07-28","2026-08-04"
"Minnesota Defense","DEF",120.5,65,102,152,9.5,4460,"2026-07-28","2026-08-04"
"Bo Nix","QB",120.6,273,92,144,10.9,4460,"2026-07-28","2026-08-04"
"Bo Nix","QB",120.6,273,92,144,10.9,4460,"2026-07-28","2026-08-04"
"Jordan Mason","RB",122.3,532,85,150,14.3,4460,"2026-07-28","2026-08-04"
"Jordan Mason","RB",122.3,532,85,150,14.3,4460,"2026-07-28","2026-08-04"
"Tyjae Spears","RB",123,124,87,149,14.3,4460,"2026-07-28","2026-08-04"
"Tyjae Spears","RB",123,124,87,149,14.3,4460,"2026-07-28","2026-08-04"
"Detroit Defense","DEF",125.3,58,107,170,15.6,4460,"2026-07-28","2026-08-04"
"Detroit Defense","DEF",125.3,58,107,170,15.6,4460,"2026-07-28","2026-08-04"
"Jalen Coker","WR",125.5,182,101,147,9.1,4460,"2026-07-28","2026-08-04"
"Jalen Coker","WR",125.5,182,101,147,9.1,4460,"2026-07-28","2026-08-04"
"Baker Mayfield","QB",128.6,209,102,149,10.1,4460,"2026-07-28","2026-08-04"
"KC Concepcion","WR",128.6,347,103,150,9.6,4460,"2026-07-28","2026-08-04"
"Baker Mayfield","QB",128.6,209,102,149,10.1,4460,"2026-07-28","2026-08-04"
"KC Concepcion","WR",128.6,347,103,150,9.6,4460,"2026-07-28","2026-08-04"
"Calvin Ridley","WR",129.6,93,105,150,9.4,4460,"2026-07-28","2026-08-04"
"Calvin Ridley","WR",129.6,93,105,150,9.4,4460,"2026-07-28","2026-08-04"
"Brandon Aubrey","PK",130,1080,69,183,23.4,4460,"2026-07-28","2026-08-04"
"Brandon Aubrey","PK",130,1080,69,183,23.4,4460,"2026-07-28","2026-08-04"
"Jerry Jeudy","WR",134.2,160,111,150,8.6,4460,"2026-07-28","2026-08-04"
"Jerry Jeudy","WR",134.2,160,111,150,8.6,4460,"2026-07-28","2026-08-04"
"Tre Tucker","WR",135,89,110,150,9.6,4460,"2026-07-28","2026-08-04"
"Tre Tucker","WR",135,89,110,150,9.6,4460,"2026-07-28","2026-08-04"
"LA Rams Defense","DEF",135.6,742,85,180,19.2,4460,"2026-07-28","2026-08-04"
"Alvin Kamara","RB",135.6,229,82,178,20.5,4460,"2026-07-28","2026-08-04"
"LA Rams Defense","DEF",135.6,742,85,180,19.2,4460,"2026-07-28","2026-08-04"
"Alvin Kamara","RB",135.6,229,82,178,20.5,4460,"2026-07-28","2026-08-04"
"Tyler Shough","QB",136.7,179,110,156,10.1,4460,"2026-07-28","2026-08-04"
"Tyler Shough","QB",136.7,179,110,156,10.1,4460,"2026-07-28","2026-08-04"
"Jayden Higgins","WR",136.9,227,113,153,9.1,4460,"2026-07-28","2026-08-04"
"Jayden Higgins","WR",136.9,227,113,153,9.1,4460,"2026-07-28","2026-08-04"
"Theo Wease Jr.","WR",138,42,122,149,5.8,4460,"2026-07-28","2026-08-04"
"Theo Wease Jr.","WR",138,42,122,149,5.8,4460,"2026-07-28","2026-08-04"
"Mark Andrews","TE",138.4,243,90,173,18.4,4460,"2026-07-28","2026-08-04"
"Mark Andrews","TE",138.4,243,90,173,18.4,4460,"2026-07-28","2026-08-04"
"Jauan Jennings","WR",138.5,76,99,178,14.9,4460,"2026-07-28","2026-08-04"
"Jauan Jennings","WR",138.5,76,99,178,14.9,4460,"2026-07-28","2026-08-04"
"Sam Darnold","QB",138.7,107,105,172,12.7,4460,"2026-07-28","2026-08-04"
"Sam Darnold","QB",138.7,107,105,172,12.7,4460,"2026-07-28","2026-08-04"
"Jake Ferguson","TE",139,301,88,179,19.6,4460,"2026-07-28","2026-08-04"
"Jake Ferguson","TE",139,301,88,179,19.6,4460,"2026-07-28","2026-08-04"
"Zach Charbonnet","RB",139.5,328,90,206,18.7,4460,"2026-07-28","2026-08-04"
"Zach Charbonnet","RB",139.5,328,90,206,18.7,4460,"2026-07-28","2026-08-04"
"Jalen McMillan","WR",139.7,131,105,176,13.1,4460,"2026-07-28","2026-08-04"
"Jalen McMillan","WR",139.7,131,105,176,13.1,4460,"2026-07-28","2026-08-04"
"Jason Myers","PK",140.1,113,89,184,19.6,4460,"2026-07-28","2026-08-04"
"Jason Myers","PK",140.1,113,89,184,19.6,4460,"2026-07-28","2026-08-04"
"Isaiah Likely","TE",140.2,535,91,179,18.9,4460,"2026-07-28","2026-08-04"
"Woody Marks","RB",140.2,146,96,174,16.6,4460,"2026-07-28","2026-08-04"
"Isaiah Likely","TE",140.2,535,91,179,18.9,4460,"2026-07-28","2026-08-04"
"Woody Marks","RB",140.2,146,96,174,16.6,4460,"2026-07-28","2026-08-04"
"New England Defense","DEF",141.1,212,94,180,18,4460,"2026-07-28","2026-08-04"
"New England Defense","DEF",141.1,212,94,180,18,4460,"2026-07-28","2026-08-04"
"Jake Tonges","TE",142.2,5,125,159,12.8,4460,"2026-07-28","2026-08-04"
"Jake Tonges","TE",142.2,5,125,159,12.8,4460,"2026-07-28","2026-08-04"
"Ka'imi Fairbairn","PK",142.5,128,102,187,20,4460,"2026-07-28","2026-08-04"
"Ka'imi Fairbairn","PK",142.5,128,102,187,20,4460,"2026-07-28","2026-08-04"
"LA Chargers Defense","DEF",143.5,130,108,180,18.3,4460,"2026-07-28","2026-08-04"
"LA Chargers Defense","DEF",143.5,130,108,180,18.3,4460,"2026-07-28","2026-08-04"
"Jake Bates","PK",143.8,74,93,177,19.3,4460,"2026-07-28","2026-08-04"
"Jake Bates","PK",143.8,74,93,177,19.3,4460,"2026-07-28","2026-08-04"
"Kyler Murray","QB",143.9,296,98,178,17.6,4460,"2026-07-28","2026-08-04"
"Kyler Murray","QB",143.9,296,98,178,17.6,4460,"2026-07-28","2026-08-04"
"Atlanta Defense","DEF",144.1,56,112,180,18.4,4460,"2026-07-28","2026-08-04"
"Atlanta Defense","DEF",144.1,56,112,180,18.4,4460,"2026-07-28","2026-08-04"
"Philadelphia Defense","DEF",144.4,213,98,180,17.7,4460,"2026-07-28","2026-08-04"
"Philadelphia Defense","DEF",144.4,213,98,180,17.7,4460,"2026-07-28","2026-08-04"
"Jordan Love","QB",146.2,241,109,180,14,4460,"2026-07-28","2026-08-04"
"Jordan Love","QB",146.2,241,109,180,14,4460,"2026-07-28","2026-08-04"
"Cameron Dicker","PK",146.4,113,108,187,15.6,4460,"2026-07-28","2026-08-04"
"Cameron Dicker","PK",146.4,113,108,187,15.6,4460,"2026-07-28","2026-08-04"
"Rashod Bateman","WR",146.9,37,117,172,14.1,4460,"2026-07-28","2026-08-04"
"Rashod Bateman","WR",146.9,37,117,172,14.1,4460,"2026-07-28","2026-08-04"
"Isiah Pacheco","RB",148.2,219,94,180,20.5,4460,"2026-07-28","2026-08-04"
"Isiah Pacheco","RB",148.2,219,94,180,20.5,4460,"2026-07-28","2026-08-04"
"Harrison Mevis","PK",151.1,72,108,187,16.3,4460,"2026-07-28","2026-08-04"
"Harrison Mevis","PK",151.1,72,108,187,16.3,4460,"2026-07-28","2026-08-04"
"Dalton Kincaid","TE",152.9,187,98,180,20.8,4460,"2026-07-28","2026-08-04"
"Dalton Kincaid","TE",152.9,187,98,180,20.8,4460,"2026-07-28","2026-08-04"
"Jaydon Blue","RB",153,13,49,195,39.8,4460,"2026-07-28","2026-08-04"
"Jaydon Blue","RB",153,13,49,195,39.8,4460,"2026-07-28","2026-08-04"
"T.J. Hockenson","TE",154,28,106,204,26.4,4460,"2026-07-28","2026-08-04"
"T.J. Hockenson","TE",154,28,106,204,26.4,4460,"2026-07-28","2026-08-04"
"Cairo Santos","PK",154.3,37,92,193,23.9,4460,"2026-07-28","2026-08-04"
"Cairo Santos","PK",154.3,37,92,193,23.9,4460,"2026-07-28","2026-08-04"
"Chase McLaughlin","PK",155.1,74,135,192,15.5,4460,"2026-07-28","2026-08-04"
"Chase McLaughlin","PK",155.1,74,135,192,15.5,4460,"2026-07-28","2026-08-04"
"Tyrone Tracy Jr.","RB",156,164,110,180,17.5,4460,"2026-07-28","2026-08-04"
"Tyrone Tracy Jr.","RB",156,164,110,180,17.5,4460,"2026-07-28","2026-08-04"
"James Conner","RB",156.3,11,108,209,28.5,4460,"2026-07-28","2026-08-04"
"James Conner","RB",156.3,11,108,209,28.5,4460,"2026-07-28","2026-08-04"
"Malik Washington","WR",156.4,51,135,180,13.7,4460,"2026-07-28","2026-08-04"
"Malik Washington","WR",156.4,51,135,180,13.7,4460,"2026-07-28","2026-08-04"
"Juwan Johnson","TE",156.6,44,123,196,20.2,4460,"2026-07-28","2026-08-04"
"Juwan Johnson","TE",156.6,44,123,196,20.2,4460,"2026-07-28","2026-08-04"
"Tank Dell","WR",156.7,167,121,180,13.7,4460,"2026-07-28","2026-08-04"
"Tank Dell","WR",156.7,167,121,180,13.7,4460,"2026-07-28","2026-08-04"
"Antonio Williams","WR",157.2,82,128,180,11.1,4460,"2026-07-28","2026-08-04"
"Antonio Williams","WR",157.2,82,128,180,11.1,4460,"2026-07-28","2026-08-04"
"Eddy Piñeiro","PK",157.5,55,114,180,17.6,4460,"2026-07-28","2026-08-04"
"Eddy Piñeiro","PK",157.5,55,114,180,17.6,4460,"2026-07-28","2026-08-04"
"Pittsburgh Defense","DEF",157.9,310,120,194,14.3,4460,"2026-07-28","2026-08-04"
"Pittsburgh Defense","DEF",157.9,310,120,194,14.3,4460,"2026-07-28","2026-08-04"
"Mike Washington Jr.","RB",158.1,7,125,209,28.7,4460,"2026-07-28","2026-08-04"
"Mike Washington Jr.","RB",158.1,7,125,209,28.7,4460,"2026-07-28","2026-08-04"
"Denzel Boston","WR",158.5,67,133,180,11.9,4460,"2026-07-28","2026-08-04"
"Hunter Henry","TE",158.5,49,92,188,25.2,4460,"2026-07-28","2026-08-04"
"Denzel Boston","WR",158.5,67,133,180,11.9,4460,"2026-07-28","2026-08-04"
"Hunter Henry","TE",158.5,49,92,188,25.2,4460,"2026-07-28","2026-08-04"
"Adonai Mitchell","WR",158.6,16,124,178,14.5,4460,"2026-07-28","2026-08-04"
"Adonai Mitchell","WR",158.6,16,124,178,14.5,4460,"2026-07-28","2026-08-04"
"Kenyon Sadiq","TE",159,39,115,209,22.2,4460,"2026-07-28","2026-08-04"
"Kenyon Sadiq","TE",159,39,115,209,22.2,4460,"2026-07-28","2026-08-04"
"Cooper Kupp","WR",159.1,86,133,192,10.5,4460,"2026-07-28","2026-08-04"
"Jordan James","RB",159.1,8,128,206,23.1,4460,"2026-07-28","2026-08-04"
"Cooper Kupp","WR",159.1,86,133,192,10.5,4460,"2026-07-28","2026-08-04"
"Jordan James","RB",159.1,8,128,206,23.1,4460,"2026-07-28","2026-08-04"
"Jalen Nailor","WR",159.2,102,133,179,11.9,4460,"2026-07-28","2026-08-04"
"Jalen Nailor","WR",159.2,102,133,179,11.9,4460,"2026-07-28","2026-08-04"
"Chris Rodriguez Jr.","RB",159.9,86,111,210,21.6,4460,"2026-07-28","2026-08-04"
"Chris Rodriguez Jr.","RB",159.9,86,111,210,21.6,4460,"2026-07-28","2026-08-04"
"De'Zhaun Stribling","WR",160,52,112,205,19.3,4460,"2026-07-28","2026-08-04"
"De'Zhaun Stribling","WR",160,52,112,205,19.3,4460,"2026-07-28","2026-08-04"
"Brenton Strange","TE",160.3,51,127,199,15.8,4460,"2026-07-28","2026-08-04"
"Brenton Strange","TE",160.3,51,127,199,15.8,4460,"2026-07-28","2026-08-04"
"Tennessee Defense","DEF",160.5,155,132,180,11.3,4460,"2026-07-28","2026-08-04"
"Tennessee Defense","DEF",160.5,155,132,180,11.3,4460,"2026-07-28","2026-08-04"
"C.J. Stroud","QB",160.7,79,132,180,11,4460,"2026-07-28","2026-08-04"
"C.J. Stroud","QB",160.7,79,132,180,11,4460,"2026-07-28","2026-08-04"
"Omar Cooper Jr.","WR",161.5,80,119,180,16.3,4460,"2026-07-28","2026-08-04"
"Omar Cooper Jr.","WR",161.5,80,119,180,16.3,4460,"2026-07-28","2026-08-04"
"Tank Bigsby","RB",161.6,30,117,184,20.1,4460,"2026-07-28","2026-08-04"
"Tank Bigsby","RB",161.6,30,117,184,20.1,4460,"2026-07-28","2026-08-04"
"Travis Hunter","WR",161.7,60,112,179,18.9,4460,"2026-07-28","2026-08-04"
"Travis Hunter","WR",161.7,60,112,179,18.9,4460,"2026-07-28","2026-08-04"
"Jacoby Brissett","QB",161.8,8,127,178,15.3,4460,"2026-07-28","2026-08-04"
"Daniel Jones","QB",161.8,50,112,180,19.1,4460,"2026-07-28","2026-08-04"
"Jacoby Brissett","QB",161.8,8,127,178,15.3,4460,"2026-07-28","2026-08-04"
"Daniel Jones","QB",161.8,50,112,180,19.1,4460,"2026-07-28","2026-08-04"
"Keaton Mitchell","RB",161.9,31,113,204,22.3,4460,"2026-07-28","2026-08-04"
"Malik Willis","QB",161.9,66,133,181,13.2,4460,"2026-07-28","2026-08-04"
"Keaton Mitchell","RB",161.9,31,113,204,22.3,4460,"2026-07-28","2026-08-04"
"Malik Willis","QB",161.9,66,133,181,13.2,4460,"2026-07-28","2026-08-04"
"Jacksonville Defense","DEF",162,22,125,210,21.3,4460,"2026-07-28","2026-08-04"
"Jacksonville Defense","DEF",162,22,125,210,21.3,4460,"2026-07-28","2026-08-04"
"Tyler Loop","PK",162.2,92,132,209,13.8,4460,"2026-07-28","2026-08-04"
"Tyler Loop","PK",162.2,92,132,209,13.8,4460,"2026-07-28","2026-08-04"
"Chris Boswell","PK",162.4,19,120,208,23.1,4460,"2026-07-28","2026-08-04"
"Justice Hill","RB",162.4,19,128,179,13.1,4460,"2026-07-28","2026-08-04"
"Chris Boswell","PK",162.4,19,120,208,23.1,4460,"2026-07-28","2026-08-04"
"Justice Hill","RB",162.4,19,128,179,13.1,4460,"2026-07-28","2026-08-04"
"Brian Robinson Jr.","RB",162.6,23,132,179,14.5,4460,"2026-07-28","2026-08-04"
"Brian Robinson Jr.","RB",162.6,23,132,179,14.5,4460,"2026-07-28","2026-08-04"
"Emari Demercado","RB",162.8,6,157,174,8,4460,"2026-07-28","2026-08-04"
"Emari Demercado","RB",162.8,6,157,174,8,4460,"2026-07-28","2026-08-04"
"Dylan Sampson","RB",162.9,42,126,178,13.9,4460,"2026-07-28","2026-08-04"
"Dylan Sampson","RB",162.9,42,126,178,13.9,4460,"2026-07-28","2026-08-04"
"Chicago Defense","DEF",163.1,16,140,203,18,4460,"2026-07-28","2026-08-04"
"Chicago Defense","DEF",163.1,16,140,203,18,4460,"2026-07-28","2026-08-04"
"Cam Little","PK",163.3,167,119,210,16.8,4460,"2026-07-28","2026-08-04"
"Cam Little","PK",163.3,167,119,210,16.8,4460,"2026-07-28","2026-08-04"
"Isaac TeSlaa","WR",163.4,9,94,180,28.1,4460,"2026-07-28","2026-08-04"
"Isaac TeSlaa","WR",163.4,9,94,180,28.1,4460,"2026-07-28","2026-08-04"
"Chig Okonkwo","TE",163.5,32,116,193,21,4460,"2026-07-28","2026-08-04"
"Chig Okonkwo","TE",163.5,32,116,193,21,4460,"2026-07-28","2026-08-04"
"Kaelon Black","RB",163.6,11,124,197,21.7,4460,"2026-07-28","2026-08-04"
"Tyler Allgeier","RB",163.6,87,114,210,18.9,4460,"2026-07-28","2026-08-04"
"Kaelon Black","RB",163.6,11,124,197,21.7,4460,"2026-07-28","2026-08-04"
"Tyler Allgeier","RB",163.6,87,114,210,18.9,4460,"2026-07-28","2026-08-04"
"Ray Davis","RB",164.2,10,150,177,11.6,4460,"2026-07-28","2026-08-04"
"Ray Davis","RB",164.2,10,150,177,11.6,4460,"2026-07-28","2026-08-04"
"Jonah Coleman","RB",164.3,9,102,182,24.7,4460,"2026-07-28","2026-08-04"
"Jonah Coleman","RB",164.3,9,102,182,24.7,4460,"2026-07-28","2026-08-04"
"Andy Borregales","PK",164.4,5,146,178,11.8,4460,"2026-07-28","2026-08-04"
"Andy Borregales","PK",164.4,5,146,178,11.8,4460,"2026-07-28","2026-08-04"
"Dalton Schultz","TE",164.6,7,132,201,25.4,4460,"2026-07-28","2026-08-04"
"Dalton Schultz","TE",164.6,7,132,201,25.4,4460,"2026-07-28","2026-08-04"
"Will Reichard","PK",165.4,59,115,210,19.4,4460,"2026-07-28","2026-08-04"
"Harrison Butker","PK",165.4,103,121,205,17,4460,"2026-07-28","2026-08-04"
"Will Reichard","PK",165.4,59,115,210,19.4,4460,"2026-07-28","2026-08-04"
"Harrison Butker","PK",165.4,103,121,205,17,4460,"2026-07-28","2026-08-04"
"San Francisco Defense","DEF",165.8,10,136,204,22.6,4460,"2026-07-28","2026-08-04"
"San Francisco Defense","DEF",165.8,10,136,204,22.6,4460,"2026-07-28","2026-08-04"
"Kimani Vidal","RB",166,8,127,178,16.6,4460,"2026-07-28","2026-08-04"
"Kimani Vidal","RB",166,8,127,178,16.6,4460,"2026-07-28","2026-08-04"
"Dallas Defense","DEF",166.1,20,132,180,13.9,4460,"2026-07-28","2026-08-04"
"Dallas Defense","DEF",166.1,20,132,180,13.9,4460,"2026-07-28","2026-08-04"
"Charlie Smyth","PK",166.2,5,147,171,10.7,4460,"2026-07-28","2026-08-04"
"Charlie Smyth","PK",166.2,5,147,171,10.7,4460,"2026-07-28","2026-08-04"
"Darnell Mooney","WR",166.4,9,140,177,12.5,4460,"2026-07-28","2026-08-04"
"Darnell Mooney","WR",166.4,9,140,177,12.5,4460,"2026-07-28","2026-08-04"
"Christian Kirk","WR",166.5,16,130,202,18.1,4460,"2026-07-28","2026-08-04"
"Baltimore Defense","DEF",166.5,78,129,210,19.4,4460,"2026-07-28","2026-08-04"
"Christian Kirk","WR",166.5,16,130,202,18.1,4460,"2026-07-28","2026-08-04"
"Baltimore Defense","DEF",166.5,78,129,210,19.4,4460,"2026-07-28","2026-08-04"
"Kayshon Boutte","WR",166.6,45,119,207,18.7,4460,"2026-07-28","2026-08-04"
"Kayshon Boutte","WR",166.6,45,119,207,18.7,4460,"2026-07-28","2026-08-04"
"Tyler Bass","PK",166.7,21,140,177,11.4,4460,"2026-07-28","2026-08-04"
"Tyler Bass","PK",166.7,21,140,177,11.4,4460,"2026-07-28","2026-08-04"
"Germie Bernard","WR",166.8,19,155,179,7.7,4460,"2026-07-28","2026-08-04"
"Buffalo Defense","DEF",166.8,240,134,206,12.5,4460,"2026-07-28","2026-08-04"
"Germie Bernard","WR",166.8,19,155,179,7.7,4460,"2026-07-28","2026-08-04"
"Buffalo Defense","DEF",166.8,240,134,206,12.5,4460,"2026-07-28","2026-08-04"
"Nick Folk","PK",166.9,28,141,180,12.5,4460,"2026-07-28","2026-08-04"
"Nick Folk","PK",166.9,28,141,180,12.5,4460,"2026-07-28","2026-08-04"
"Evan McPherson","PK",168.8,85,133,210,13.7,4460,"2026-07-28","2026-08-04"
"Evan McPherson","PK",168.8,85,133,210,13.7,4460,"2026-07-28","2026-08-04"
"Demond Claiborne","RB",169.4,5,140,197,28.6,4460,"2026-07-28","2026-08-04"
"Demond Claiborne","RB",169.4,5,140,197,28.6,4460,"2026-07-28","2026-08-04"
"New Orleans Defense","DEF",169.9,56,136,210,13,4460,"2026-07-28","2026-08-04"
"New Orleans Defense","DEF",169.9,56,136,210,13,4460,"2026-07-28","2026-08-04"
"Samaje Perine","RB",170.5,10,130,180,15.6,4460,"2026-07-28","2026-08-04"
"Samaje Perine","RB",170.5,10,130,180,15.6,4460,"2026-07-28","2026-08-04"
"Fernando Mendoza","QB",171.5,6,149,178,11.7,4460,"2026-07-28","2026-08-04"
"Fernando Mendoza","QB",171.5,6,149,178,11.7,4460,"2026-07-28","2026-08-04"
"Bryce Young","QB",171.7,17,150,193,12.8,4460,"2026-07-28","2026-08-04"
"Bryce Young","QB",171.7,17,150,193,12.8,4460,"2026-07-28","2026-08-04"
"Braelon Allen","RB",172.1,7,139,196,21.3,4460,"2026-07-28","2026-08-04"
"Braelon Allen","RB",172.1,7,139,196,21.3,4460,"2026-07-28","2026-08-04"
"Greg Dulcich","TE",172.8,13,151,206,14.8,4460,"2026-07-28","2026-08-04"
"Greg Dulcich","TE",172.8,13,151,206,14.8,4460,"2026-07-28","2026-08-04"
"Oronde Gadsden","TE",173.1,10,145,197,18.5,4460,"2026-07-28","2026-08-04"
"Oronde Gadsden","TE",173.1,10,145,197,18.5,4460,"2026-07-28","2026-08-04"
"Tory Horton","WR",173.3,6,153,196,14.5,4460,"2026-07-28","2026-08-04"
"Tory Horton","WR",173.3,6,153,196,14.5,4460,"2026-07-28","2026-08-04"
"Dontayvion Wicks","WR",173.8,12,147,189,10,4460,"2026-07-28","2026-08-04"
"Dontayvion Wicks","WR",173.8,12,147,189,10,4460,"2026-07-28","2026-08-04"
"Zachariah Branch","WR",175,8,173,177,2.1,4460,"2026-07-28","2026-08-04"
"Zachariah Branch","WR",175,8,173,177,2.1,4460,"2026-07-28","2026-08-04"
"Ty Johnson","RB",175.4,5,161,180,8.1,4460,"2026-07-28","2026-08-04"
"Ty Johnson","RB",175.4,5,161,180,8.1,4460,"2026-07-28","2026-08-04"
"Cincinnati Defense","DEF",175.6,37,138,209,19,4460,"2026-07-28","2026-08-04"
"Cincinnati Defense","DEF",175.6,37,138,209,19,4460,"2026-07-28","2026-08-04"
"Wil Lutz","PK",176,19,143,202,13,4460,"2026-07-28","2026-08-04"
"Wil Lutz","PK",176,19,143,202,13,4460,"2026-07-28","2026-08-04"
"NY Giants Defense","DEF",176.5,26,131,210,19.6,4460,"2026-07-28","2026-08-04"
"NY Giants Defense","DEF",176.5,26,131,210,19.6,4460,"2026-07-28","2026-08-04"
"Cam Ward","QB",177.6,36,157,209,12.5,4460,"2026-07-28","2026-08-04"
"Cam Ward","QB",177.6,36,157,209,12.5,4460,"2026-07-28","2026-08-04"
"Cleveland Defense","DEF",181.2,32,139,210,22.9,4460,"2026-07-28","2026-08-04"
"Cleveland Defense","DEF",181.2,32,139,210,22.9,4460,"2026-07-28","2026-08-04"
"Miami Defense","DEF",181.5,30,145,209,16.2,4460,"2026-07-28","2026-08-04"
"Miami Defense","DEF",181.5,30,145,209,16.2,4460,"2026-07-28","2026-08-04"
