draft_rank,player_name,position,team_name,age,proj_total_points_2026,proj_ppg_2026,proj_games_2026,replacement_level_points,vorp
1,Jahmyr Gibbs,Running Back,Lions,24,347.43933,22.115175,15.710449,115.041115,232.398215
2,Bijan Robinson,Running Back,Falcons,24,329.3284,22.83859,14.419822,115.041115,214.287285
3,De'Von Achane,Running Back,Dolphins,24,270.84552,17.190178,15.755831,115.041115,155.80440500000003
4,Jonathan Taylor,Running Back,Colts,27,254.7479,18.042511,14.119315,115.041115,139.70678499999997
5,Puka Nacua,Wide Receiver,Rams,25,266.9407,19.376461,13.7765465,135.11353,131.82717
6,Ja'Marr Chase,Wide Receiver,Bengals,26,265.1166,19.462933,13.621616,135.11353,130.00307
7,Jaxon Smith-Njigba,Wide Receiver,Seahawks,24,249.57758,17.301792,14.424955,135.11353,114.46405000000001
8,James Cook III,Running Back,Bills,26,221.20935,14.892584,14.853659,115.041115,106.168235
9,TreVeyon Henderson,Running Back,Patriots,23,220.37044,14.625271,15.067785,115.041115,105.329325
10,Kyren Williams,Running Back,Rams,25,220.15952,14.087623,15.627869,115.041115,105.11840499999998
11,Amon-Ra St. Brown,Wide Receiver,Lions,26,238.7385,18.075655,13.207737,135.11353,103.62496999999999
12,Joe Burrow,Quarterback,Bengals,29,350.841,23.481266,14.941316,247.36394,103.47706
13,Ashton Jeanty,Running Back,Raiders,22,214.94589,16.208714,13.261132,115.041115,99.90477499999999
14,Chase Brown,Running Back,Bengals,26,214.69223,14.405088,14.903916,115.041115,99.65111499999999
15,Josh Allen,Quarterback,Bills,30,343.20575,23.777998,14.433753,247.36394,95.84181000000001
16,Breece Hall,Running Back,Jets,25,208.21513,14.14729,14.717669,115.041115,93.17401499999998
17,Travis Etienne Jr.,Running Back,Jaguars,27,204.04247,14.183439,14.385965,115.041115,89.001355
18,Bo Nix,Quarterback,Broncos,26,335.39365,22.271292,15.059461,247.36394,88.02970999999997
19,Patrick Mahomes,Quarterback,Chiefs,30,329.57416,23.055649,14.294725,247.36394,82.21021999999999
20,Nico Collins,Wide Receiver,Texans,27,216.36572,14.93032,14.4917,135.11353,81.25219000000001
21,RJ Harvey,Running Back,Broncos,25,192.84142,13.457694,14.329454,115.041115,77.800305
22,Drake London,Wide Receiver,Falcons,24,212.20808,14.927655,14.215768,135.11353,77.09455
23,Saquon Barkley,Running Back,Eagles,29,191.69713,13.914082,13.777204,115.041115,76.65601499999998
24,A.J. Brown,Wide Receiver,Eagles,28,211.19145,14.738125,14.329601,135.11353,76.07792
25,Zay Flowers,Wide Receiver,Ravens,25,209.56769,14.456922,14.496011,135.11353,74.45416
26,Caleb Williams,Quarterback,Bears,24,321.6036,20.236069,15.892592,247.36394,74.23965999999996
27,Trey McBride,Tight End,Cardinals,26,190.02072,12.661293,15.008003,118.337845,71.68287500000001
28,Christian McCaffrey,Running Back,49ers,30,185.74478,18.182247,10.215722,115.041115,70.70366499999999
29,Derrick Henry,Running Back,Ravens,32,185.24532,14.951679,12.3896,115.041115,70.20420499999999
30,Jared Goff,Quarterback,Lions,31,315.40973,20.592096,15.317028,247.36394,68.04579000000001
31,CeeDee Lamb,Wide Receiver,Cowboys,27,202.92015,14.590764,13.907438,135.11353,67.80662000000001
32,Justin Herbert,Quarterback,Chargers,28,313.18484,21.825176,14.349705,247.36394,65.8209
33,Travis Kelce,Tight End,Chiefs,36,183.36354,13.060035,14.04005,118.337845,65.025695
34,Emeka Egbuka,Wide Receiver,Buccaneers,23,197.67741,13.510172,14.631746,135.11353,62.56388000000001
35,Jameson Williams,Wide Receiver,Lions,25,197.20796,13.476497,14.633474,135.11353,62.09443000000002
36,Tetairoa McMillan,Wide Receiver,Panthers,23,194.60294,13.44436,14.4746895,135.11353,59.48940999999999
37,Kyle Pitts Sr.,Tight End,Falcons,25,177.0625,12.040862,14.705135,118.337845,58.724655
38,George Pickens,Wide Receiver,Cowboys,25,193.35442,13.779127,14.0324135,135.11353,58.24089000000001
39,Omarion Hampton,Running Back,Chargers,23,169.65068,14.476504,11.719036,115.041115,54.60956499999999
40,Tyler Warren,Tight End,Colts,24,172.02039,11.674301,14.734962,118.337845,53.68254499999999
41,Brock Bowers,Tight End,Raiders,23,171.12834,12.647056,13.531081,118.337845,52.79049500000001
42,Colston Loveland,Tight End,Bears,22,170.81602,11.754184,14.532359,118.337845,52.47817500000001
43,Baker Mayfield,Quarterback,Buccaneers,31,298.22443,20.512812,14.538446,247.36394,50.86048999999997
44,Chris Olave,Wide Receiver,Saints,25,185.57774,14.152016,13.113167,135.11353,50.46421000000001
45,Kenneth Gainwell,Running Back,Steelers,27,163.93404,11.002495,14.899715,115.041115,48.892925000000005
46,Javonte Williams,Running Back,Cowboys,26,162.63692,11.844534,13.7309675,115.041115,47.595805
47,Brian Thomas Jr.,Wide Receiver,Jaguars,23,182.30254,12.82531,14.214279,135.11353,47.189009999999996
48,Tee Higgins,Wide Receiver,Bengals,27,178.67316,13.295575,13.438542,135.11353,43.55963
49,Ladd McConkey,Wide Receiver,Chargers,24,177.77336,12.8149605,13.87233,135.11353,42.65983
50,Josh Jacobs,Running Back,Packers,28,156.72151,11.94894,13.115933,115.041115,41.68039499999999
51,Hunter Henry,Tight End,Patriots,31,157.55563,11.309243,13.931581,118.337845,39.217785000000006
52,D'Andre Swift,Running Back,Bears,27,154.17142,10.855467,14.202191,115.041115,39.13030500000001
53,Trevor Lawrence,Quarterback,Jaguars,26,286.18658,19.16462,14.933068,247.36394,38.82263999999998
54,Jalen Hurts,Quarterback,Eagles,27,286.08884,20.377914,14.039162,247.36394,38.72489999999999
55,Jaylen Warren,Running Back,Steelers,27,153.47903,11.170303,13.739916,115.041115,38.43791499999999
56,George Kittle,Tight End,49ers,32,156.44336,11.495632,13.608939,118.337845,38.10551500000001
57,Wan'Dale Robinson,Wide Receiver,Giants,25,167.91086,11.605718,14.467943,135.11353,32.79733000000002
58,Michael Wilson,Wide Receiver,Cardinals,26,167.68124,11.898237,14.092949,135.11353,32.567710000000005
59,Jaylen Waddle,Wide Receiver,Dolphins,27,164.3158,11.309265,14.529308,135.11353,29.20227
60,Rhamondre Stevenson,Running Back,Patriots,28,144.13419,11.025891,13.072339,115.041115,29.093074999999985
61,Tyrone Tracy Jr.,Running Back,Giants,26,143.36885,10.256731,13.978026,115.041115,28.327735000000004
62,Kenneth Walker III,Running Back,Seahawks,25,142.87767,10.302766,13.867894,115.041115,27.83655499999999
63,Courtland Sutton,Wide Receiver,Broncos,30,161.46242,11.172179,14.452187,135.11353,26.34889000000001
64,Davante Adams,Wide Receiver,Rams,33,160.42241,12.567232,12.765135,135.11353,25.308880000000016
65,Rico Dowdle,Running Back,Panthers,27,139.60623,11.024941,12.662764,115.041115,24.565115000000006
66,Quentin Johnston,Wide Receiver,Chargers,24,158.83974,11.761317,13.505268,135.11353,23.72621000000001
67,Dallas Goedert,Tight End,Eagles,31,141.8461,10.13524,13.9953375,118.337845,23.508255000000005
68,Harold Fannin Jr.,Tight End,Browns,21,137.62617,10.537986,13.060007,118.337845,19.288325
69,Luther Burden III,Wide Receiver,Bears,22,152.67937,10.879901,14.033158,135.11353,17.56584000000001
70,AJ Barner,Tight End,Seahawks,24,134.25157,9.291762,14.448451,118.337845,15.913724999999985
71,Jaxson Dart,Quarterback,Giants,23,260.9785,19.088493,13.672031,247.36394,13.614559999999983
72,Rachaad White,Running Back,Buccaneers,27,125.90456,8.973923,14.030046,115.041115,10.863444999999999
73,Khalil Shakir,Wide Receiver,Bills,26,145.49704,10.454193,13.917577,135.11353,10.383510000000001
74,Alec Pierce,Wide Receiver,Colts,26,145.27112,10.878972,13.353386,135.11353,10.157589999999999
75,Sam Darnold,Quarterback,Seahawks,29,254.57266,18.117294,14.051362,247.36394,7.20872
76,Parker Washington,Wide Receiver,Jaguars,24,141.43903,10.78073,13.119615,135.11353,6.325500000000005
77,Michael Pittman Jr.,Wide Receiver,Colts,28,140.71771,11.135901,12.636401,135.11353,5.604180000000014
78,Rashee Rice,Wide Receiver,Chiefs,26,137.77573,13.210195,10.4295,135.11353,2.662200000000013
79,Tucker Kraft,Tight End,Packers,25,120.86717,10.3542595,11.673183,118.337845,2.529325
80,Woody Marks,Running Back,Texans,25,116.91748,9.0266,12.952549,115.041115,1.8763649999999927
81,Tony Pollard,Running Back,Titans,29,116.37194,9.240146,12.594168,115.041115,1.3308249999999902
82,Mark Andrews,Tight End,Ravens,30,119.537704,8.5705,13.947576,118.337845,1.1998590000000036
83,Dalton Schultz,Tight End,Texans,29,119.2413,9.077316,13.136185,118.337845,0.9034549999999939
84,Cam Skattebo,Running Back,Giants,24,115.105736,10.882496,10.577145,115.041115,0.06462099999998827
85,Juwan Johnson,Tight End,Saints,29,118.337845,9.574506,12.359682,118.337845,0.0
86,DK Metcalf,Wide Receiver,Steelers,28,135.11353,10.0547,13.437847,135.11353,0.0
87,Kyle Monangai,Running Back,Bears,24,115.041115,9.22783,12.466757,115.041115,0.0
88,Matthew Stafford,Quarterback,Rams,38,247.36394,19.78781,12.500825,247.36394,0.0
89,Jakobi Meyers,Wide Receiver,Jaguars,29,134.64421,10.636672,12.65849,135.11353,-0.4693200000000104
90,Quinshon Judkins,Running Back,Browns,22,111.961464,10.960167,10.215306,115.041115,-3.0796509999999984
91,Deebo Samuel,Wide Receiver,Commanders,30,131.8704,10.046363,13.1261835,135.11353,-3.243130000000008
92,DJ Moore,Wide Receiver,Bears,29,130.88129,9.133663,14.32955,135.11353,-4.23223999999999
93,Jayden Higgins,Wide Receiver,Texans,23,130.34184,9.268583,14.0627575,135.11353,-4.771690000000007
94,Sam LaPorta,Tight End,Lions,25,112.69913,9.218178,12.225749,118.337845,-5.638715000000005
95,Marvin Harrison Jr.,Wide Receiver,Cardinals,23,129.38661,10.371281,12.475471,135.11353,-5.726920000000007
96,Zach Charbonnet,Running Back,Seahawks,25,109.23165,7.801371,14.001596,115.041115,-5.809465000000003
97,Brenton Strange,Tight End,Jaguars,25,112.25355,8.648997,12.978793,118.337845,-6.084294999999997
98,Oronde Gadsden,Tight End,Chargers,22,112.188194,9.04836,12.398732,118.337845,-6.149651000000006
99,J.K. Dobbins,Running Back,Broncos,27,108.35968,9.093956,11.915571,115.041115,-6.681435000000008
100,Christian Watson,Wide Receiver,Packers,27,128.11911,9.928262,12.904486,135.11353,-6.994419999999991
101,Bucky Irving,Running Back,Buccaneers,23,107.461624,9.356685,11.485011,115.041115,-7.579491000000004
102,Rome Odunze,Wide Receiver,Bears,24,127.11138,9.954479,12.769265,135.11353,-8.00215
103,Jake Ferguson,Tight End,Cowboys,27,108.81459,7.517094,14.475619,118.337845,-9.523255000000006
104,Troy Franklin,Wide Receiver,Broncos,23,125.26581,9.210659,13.600092,135.11353,-9.847719999999995
105,Blake Corum,Running Back,Rams,25,103.00415,7.8861723,13.061362,115.041115,-12.03696500000001
106,Dak Prescott,Quarterback,Cowboys,32,233.35182,19.05668,12.245145,247.36394,-14.01212000000001
107,Jordan Addison,Wide Receiver,Vikings,24,121.001274,8.83242,13.699674,135.11353,-14.112256000000002
108,Terry McLaurin,Wide Receiver,Commanders,30,120.80156,10.207623,11.834446,135.11353,-14.311970000000002
109,Stefon Diggs,Wide Receiver,Patriots,32,119.77628,9.100359,13.16171,135.11353,-15.337249999999997
110,Josh Downs,Wide Receiver,Colts,24,118.145294,8.923092,13.240398,135.11353,-16.96823599999999
111,Romeo Doubs,Wide Receiver,Packers,26,118.069916,8.392546,14.068427,135.11353,-17.04361399999999
112,Cade Otton,Tight End,Buccaneers,27,100.31134,7.3234496,13.69728,118.337845,-18.026505
113,Jonnu Smith,Tight End,Steelers,30,100.165504,7.4414215,13.460534,118.337845,-18.172341000000003
114,Malik Nabers,Wide Receiver,Giants,22,116.79067,11.024192,10.594035,135.11353,-18.32285999999999
115,Brock Purdy,Quarterback,49ers,26,228.9354,18.059528,12.676709,247.36394,-18.428540000000027
116,Jauan Jennings,Wide Receiver,49ers,28,113.80038,8.805174,12.924262,135.11353,-21.313149999999993
117,Tre Tucker,Wide Receiver,Raiders,25,113.58313,7.935989,14.31241,135.11353,-21.5304
118,Theo Johnson,Tight End,Giants,25,95.86376,7.5097575,12.765227,118.337845,-22.474085000000002
119,Jacory Croskey-Merritt,Running Back,Commanders,25,89.7353,8.445417,10.625324,115.041115,-25.30581500000001
120,Pat Freiermuth,Tight End,Steelers,27,93.02902,6.8951488,13.491953,118.337845,-25.308825
121,Dalton Kincaid,Tight End,Bills,26,92.091576,7.9194045,11.628598,118.337845,-26.246268999999998
122,Tyjae Spears,Running Back,Titans,24,88.44912,7.293019,12.127916,115.041115,-26.59199500000001
123,Mason Taylor,Tight End,Jets,22,89.11504,7.139356,12.482224,118.337845,-29.222805000000008
124,Chuba Hubbard,Running Back,Panthers,26,84.67444,7.401806,11.4397,115.041115,-30.366675
125,T.J. Hockenson,Tight End,Vikings,28,87.49814,7.0984864,12.326309,118.337845,-30.839704999999995
126,Cam Ward,Quarterback,Titans,24,215.78902,16.043634,13.450133,247.36394,-31.57492000000002
127,Ray Davis,Running Back,Bills,26,82.93752,6.5980353,12.570033,115.041115,-32.103595
128,David Montgomery,Running Back,Lions,29,81.71161,7.1388025,11.446123,115.041115,-33.32950500000001
129,Ricky Pearsall,Wide Receiver,49ers,25,100.9645,8.836796,11.425465,135.11353,-34.149029999999996
130,Bhayshul Tuten,Running Back,Jaguars,23,78.114525,7.2789574,10.731554,115.041115,-36.926590000000004
131,Jordan Love,Quarterback,Packers,27,209.18343,15.300391,13.67177,247.36394,-38.18051000000003
132,Elijah Arroyo,Tight End,Seahawks,23,79.986465,6.4649687,12.37229,118.337845,-38.351380000000006
133,Matthew Golden,Wide Receiver,Packers,22,96.419716,6.931378,13.910613,135.11353,-38.693814
134,Jordan Mason,Running Back,Vikings,27,75.64043,7.0869555,10.67319,115.041115,-39.40068500000001
135,Jaylin Noel,Wide Receiver,Texans,23,95.32376,7.3274117,13.0092,135.11353,-39.789770000000004
136,Xavier Worthy,Wide Receiver,Chiefs,23,94.68603,7.0690904,13.394372,135.11353,-40.427499999999995
137,J.J. McCarthy,Quarterback,Vikings,23,205.5255,16.359543,12.563034,247.36394,-41.83844000000002
138,Chig Okonkwo,Tight End,Titans,26,74.01939,5.481344,13.503875,118.337845,-44.318455
139,Kimani Vidal,Running Back,Chargers,24,68.97703,6.9320574,9.950441,115.041115,-46.064085000000006
140,Pat Bryant,Wide Receiver,Broncos,23,88.83565,7.5446877,11.774595,135.11353,-46.277879999999996
141,Tre' Harris,Wide Receiver,Chargers,24,87.68885,7.0792656,12.386716,135.11353,-47.424679999999995
142,Adonai Mitchell,Wide Receiver,Jets,23,87.4832,7.17696,12.189451,135.11353,-47.63033
143,Alvin Kamara,Running Back,Saints,30,66.93502,7.168608,9.337241,115.041115,-48.10609500000001
144,Evan Engram,Tight End,Broncos,31,70.01196,6.11368,11.451689,118.337845,-48.325885
145,Isaac TeSlaa,Wide Receiver,Lions,24,86.154625,6.8725343,12.5360775,135.11353,-48.958905
146,Darnell Washington,Tight End,Steelers,24,69.090546,5.641648,12.246518,118.337845,-49.247299
147,Rashid Shaheed,Wide Receiver,Seahawks,27,85.5766,7.3071537,11.711346,135.11353,-49.53693
148,Zach Ertz,Tight End,Commanders,35,68.44437,6.354304,10.77134,118.337845,-49.893474999999995
149,Drake Maye,Quarterback,Patriots,23,197.3448,15.212863,12.972233,247.36394,-50.01914000000002
150,Cole Kmet,Tight End,Bears,27,68.27616,5.281009,12.92862,118.337845,-50.061685
151,Kareem Hunt,Running Back,Chiefs,30,64.72133,6.035297,10.723802,115.041115,-50.31978500000001
152,Keenan Allen,Wide Receiver,Chargers,34,84.26592,8.010264,10.519743,135.11353,-50.84761
153,Gunnar Helm,Tight End,Titans,23,67.466896,5.4163156,12.456234,118.337845,-50.870948999999996
154,Jeremy McNichols,Running Back,Commanders,30,63.93523,5.9909687,10.671935,115.041115,-51.10588500000001
155,Isaiah Likely,Tight End,Ravens,26,65.95961,5.6169305,11.742999,118.337845,-52.378235000000004
156,Colby Parkinson,Tight End,Rams,27,64.84169,4.8877993,13.266029,118.337845,-53.496155
157,Elic Ayomanor,Wide Receiver,Titans,23,81.168655,6.2171826,13.055536,135.11353,-53.944874999999996
158,Keon Coleman,Wide Receiver,Bills,23,80.607666,7.2510567,11.116678,135.11353,-54.505864
159,Jerry Jeudy,Wide Receiver,Browns,27,80.602104,7.5194936,10.719087,135.11353,-54.511426
160,Brian Robinson Jr.,Running Back,49ers,27,59.90261,6.1811795,9.69113,115.041115,-55.138505
161,Aaron Jones Sr.,Running Back,Vikings,31,59.51784,6.5839243,9.039873,115.041115,-55.523275000000005
162,Greg Dulcich,Tight End,Dolphins,26,62.424538,5.331977,11.707579,118.337845,-55.913307
163,Terrance Ferguson,Tight End,Rams,23,61.958714,4.9807973,12.439517,118.337845,-56.379131
164,Kayshon Boutte,Wide Receiver,Patriots,24,78.58109,6.5866785,11.930306,135.11353,-56.532439999999994
165,James Conner,Running Back,Cardinals,31,58.408016,7.88163,7.410652,115.041115,-56.633099
166,Jayden Reed,Wide Receiver,Packers,26,78.31799,7.630527,10.263772,135.11353,-56.79554
167,Isaiah Davis,Running Back,Jets,24,57.79147,5.7488313,10.052733,115.041115,-57.24964500000001
168,David Njoku,Tight End,Browns,29,60.528282,4.8810043,12.4007845,118.337845,-57.809563000000004
169,Garrett Wilson,Wide Receiver,Jets,25,76.62029,6.9445934,11.033086,135.11353,-58.49324
170,DeMario Douglas,Wide Receiver,Patriots,25,75.53555,6.125525,12.331279,135.11353,-59.57798
171,Tyler Allgeier,Running Back,Falcons,26,55.04897,5.0635915,10.871527,115.041115,-59.99214500000001
172,Marvin Mims Jr.,Wide Receiver,Broncos,24,74.41407,5.776209,12.882856,135.11353,-60.69946
173,Daniel Jones,Quarterback,Colts,29,186.33209,14.230207,13.094123,247.36394,-61.03185000000002
174,Dawson Knox,Tight End,Bills,29,57.169518,4.486583,12.742329,118.337845,-61.168327000000005
175,Xavier Hutchinson,Wide Receiver,Texans,26,71.796234,5.8426266,12.288349,135.11353,-63.317296
176,Darren Waller,Tight End,Dolphins,33,54.34552,6.920005,7.853393,118.337845,-63.992325
177,Emanuel Wilson,Running Back,Packers,27,50.898434,4.5985084,11.068466,115.041115,-64.14268100000001
178,Malik Davis,Running Back,Cowboys,27,50.562515,5.890759,8.583362,115.041115,-64.4786
179,Dylan Sampson,Running Back,Browns,21,50.428642,5.82253,8.660951,115.041115,-64.612473
180,Dontayvion Wicks,Wide Receiver,Packers,24,70.41316,6.258783,11.250297,135.11353,-64.70036999999999
181,Michael Mayer,Tight End,Raiders,24,53.205097,4.5701413,11.641893,118.337845,-65.13274799999999
182,Mack Hollins,Wide Receiver,Patriots,32,69.73056,6.457277,10.798757,135.11353,-65.38297
183,Emari Demercado,Running Back,Cardinals,27,49.52851,5.4707527,9.053327,115.041115,-65.51260500000001
184,Calvin Austin III,Wide Receiver,Steelers,27,69.52059,5.5498295,12.526617,135.11353,-65.59294
185,Mike Gesicki,Tight End,Bengals,30,52.53783,4.5752025,11.4831705,118.337845,-65.800015
186,Tua Tagovailoa,Quarterback,Dolphins,28,180.3215,15.245987,11.827474,247.36394,-67.04244000000003
187,Tank Bigsby,Running Back,Eagles,23,47.88282,5.6701193,8.444764,115.041115,-67.15829500000001
188,Noah Fant,Tight End,Bengals,28,50.915646,4.4611616,11.413092,118.337845,-67.422199
189,Ryan Flournoy,Wide Receiver,Cowboys,26,67.65494,5.7573485,11.751059,135.11353,-67.45859
190,Andrei Iosivas,Wide Receiver,Bengals,26,67.03843,5.660622,11.842943,135.11353,-68.07509999999999
191,Ja'Tavion Sanders,Tight End,Panthers,23,50.140503,4.4303455,11.317515,118.337845,-68.19734199999999
192,Isiah Pacheco,Running Back,Chiefs,27,46.662796,5.5488644,8.409431,115.041115,-68.378319
193,Tommy Tremble,Tight End,Panthers,26,49.670017,4.00542,12.400701,118.337845,-68.667828
194,Malik Washington,Wide Receiver,Dolphins,25,66.230934,5.3726983,12.327313,135.11353,-68.88259599999999
195,Mitchell Evans,Tight End,Panthers,23,48.76649,4.128184,11.813062,118.337845,-69.57135500000001
196,Tez Johnson,Wide Receiver,Buccaneers,24,63.875145,5.893847,10.837598,135.11353,-71.238385
197,Hollywood Brown,Wide Receiver,Chiefs,29,63.66197,5.8507357,10.88102,135.11353,-71.45156
198,Austin Hooper,Tight End,Patriots,31,46.66328,4.1094546,11.355103,118.337845,-71.674565
199,Jackson Hawes,Tight End,Bills,25,46.26072,4.1860495,11.051164,118.337845,-72.077125
200,Jaylen Wright,Running Back,Dolphins,23,42.51815,5.138036,8.275176,115.041115,-72.522965
201,Luke Musgrave,Tight End,Packers,25,45.44667,3.8664813,11.754013,118.337845,-72.891175
202,Chimere Dike,Wide Receiver,Titans,23,61.8438,4.717062,13.110661,135.11353,-73.26973
203,Adam Trautman,Tight End,Broncos,29,44.90521,3.9167542,11.464903,118.337845,-73.432635
204,Elijah Higgins,Tight End,Cardinals,25,44.27776,3.775965,11.726211,118.337845,-74.060085
205,Jeremy Ruckert,Tight End,Jets,25,43.665234,3.8543305,11.3288765,118.337845,-74.672611
206,Devin Singletary,Running Back,Giants,28,39.9196,4.5144386,8.84265,115.041115,-75.121515
207,Keaton Mitchell,Running Back,Ravens,24,39.834457,4.2631717,9.343855,115.041115,-75.206658
208,KaVontae Turpin,Wide Receiver,Cowboys,29,59.381844,4.8444486,12.2577095,135.11353,-75.731686
209,Travis Hunter,Wide Receiver,Jaguars,23,59.3185,5.6349497,10.526891,135.11353,-75.79503
210,Justice Hill,Running Back,Ravens,28,39.21809,4.561133,8.598322,115.041115,-75.823025
211,Trey Benson,Running Back,Cardinals,23,39.171032,4.7621,8.225579,115.041115,-75.87008300000001
212,Ty Johnson,Running Back,Bills,28,39.12665,4.5485864,8.601936,115.041115,-75.914465
213,Noah Gray,Tight End,Chiefs,27,42.368763,3.941206,10.750203,118.337845,-75.969082
214,Tyreek Hill,Wide Receiver,Dolphins,32,58.887287,8.216064,7.167335,135.11353,-76.226243
215,Jacoby Brissett,Quarterback,Cardinals,33,171.10901,14.54301,11.765722,247.36394,-76.25493
216,Daniel Bellinger,Tight End,Giants,25,42.042015,3.747813,11.217746,118.337845,-76.29583
217,Xavier Legette,Wide Receiver,Panthers,25,58.67409,5.5835404,10.508403,135.11353,-76.43943999999999
218,Jalen Coker,Wide Receiver,Panthers,24,58.2235,6.029474,9.656481,135.11353,-76.89003
219,Sean Tucker,Running Back,Buccaneers,24,37.32224,4.171885,8.946134,115.041115,-77.718875
220,Josh Oliver,Tight End,Vikings,29,40.22143,3.7607124,10.695163,118.337845,-78.116415
221,Michael Carter,Running Back,Cardinals,27,36.50986,4.0636344,8.984534,115.041115,-78.531255
222,Jalen Nailor,Wide Receiver,Vikings,27,56.27553,4.721247,11.919633,135.11353,-78.838
223,Davis Allen,Tight End,Rams,25,39.3467,3.1512923,12.485893,118.337845,-78.991145
224,Darnell Mooney,Wide Receiver,Falcons,28,54.35081,6.0281806,9.016122,135.11353,-80.76272
225,Geno Smith,Quarterback,Raiders,35,166.59785,14.647544,11.373774,247.36394,-80.76609000000002
226,Cooper Kupp,Wide Receiver,Seahawks,32,53.45392,6.0971236,8.767072,135.11353,-81.65961
227,Audric Estime,Running Back,Saints,22,33.375263,4.7773952,6.9860797,115.041115,-81.665852
228,Chris Rodriguez Jr.,Running Back,Commanders,26,31.740904,3.4972463,9.075971,115.041115,-83.300211
229,Mike Evans,Wide Receiver,Buccaneers,32,51.02407,6.2965565,8.103488,135.11353,-84.08946
230,Charlie Kolar,Tight End,Ravens,27,33.286686,3.5507014,9.37468,118.337845,-85.051159
231,Jack Bech,Wide Receiver,Raiders,23,49.91893,5.1814785,9.6341095,135.11353,-85.1946
232,Ollie Gordon II,Running Back,Dolphins,22,29.637777,3.9920094,7.4242754,115.041115,-85.403338
233,C.J. Stroud,Quarterback,Texans,24,161.47495,13.649196,11.830363,247.36394,-85.88899
234,Jayden Daniels,Quarterback,Commanders,25,161.1019,15.173541,10.6172905,247.36394,-86.26204000000001
235,Tory Horton,Wide Receiver,Seahawks,23,48.452206,4.922902,9.842204,135.11353,-86.66132400000001
236,Chris Brooks,Running Back,Packers,26,27.890522,3.568528,7.815694,115.041115,-87.150593
237,Julian Hill,Tight End,Dolphins,25,31.132109,4.1584506,7.4864683,118.337845,-87.205736
238,Devin Neal,Running Back,Saints,22,27.052448,4.382535,6.1727853,115.041115,-87.988667
239,Bam Knight,Running Back,Cardinals,25,26.211805,3.7111561,7.0629754,115.041115,-88.82931
240,Hunter Luepke,Running Back,Cowboys,26,26.069508,3.425055,7.6114125,115.041115,-88.971607
241,Luke Schoonmaker,Tight End,Cowboys,27,29.090134,3.1124403,9.346407,118.337845,-89.24771100000001
242,Bryce Young,Quarterback,Panthers,24,157.9061,12.871311,12.268066,247.36394,-89.45784
243,Jake Tonges,Tight End,49ers,26,28.633642,3.610954,7.9296613,118.337845,-89.704203
244,Kaleb Johnson,Running Back,Steelers,22,25.052845,5.051989,4.9590063,115.041115,-89.98827
245,Jaleel McLaughlin,Running Back,Broncos,25,24.616764,3.1615849,7.78621,115.041115,-90.424351
246,Jawhar Jordan,Running Back,Texans,26,24.033857,3.4698966,6.92639,115.041115,-91.00725800000001
247,Tyler Shough,Quarterback,Saints,26,156.3204,13.609452,11.486164,247.36394,-91.04354000000001
248,John Metchie III,Wide Receiver,Jets,25,43.414165,4.4265294,9.807721,135.11353,-91.699365
249,Tyler Higbee,Tight End,Rams,33,26.293583,3.0413308,8.64542,118.337845,-92.044262
250,Najee Harris,Running Back,Chargers,28,22.960276,3.6377785,6.3116198,115.041115,-92.080839
251,Darius Slayton,Wide Receiver,Giants,29,42.59866,4.4764824,9.516101,135.11353,-92.51487
252,LeQuint Allen Jr.,Running Back,Jaguars,21,22.469414,3.6295753,6.1906457,115.041115,-92.571701
253,Isaiah Bond,Wide Receiver,Browns,22,42.47991,4.421447,9.607695,135.11353,-92.63362000000001
254,Cade Stover,Tight End,Texans,25,25.096474,3.334821,7.5255837,118.337845,-93.241371
255,Jaylin Lane,Wide Receiver,Commanders,24,41.767708,4.9078813,8.510334,135.11353,-93.345822
256,Ben Sinnott,Tight End,Commanders,23,24.354277,3.290972,7.4003296,118.337845,-93.983568
257,Olamide Zaccheaus,Wide Receiver,Bears,28,41.054012,4.6219697,8.882363,135.11353,-94.059518
258,Nick Chubb,Running Back,Texans,30,20.86199,3.6598585,5.7002177,115.041115,-94.179125
259,Kyle Williams,Wide Receiver,Patriots,23,40.89456,4.268836,9.579792,135.11353,-94.21897
260,Luke Farrell,Tight End,49ers,28,23.383556,3.3364599,7.0084934,118.337845,-94.954289
261,Trevor Etienne,Running Back,Panthers,21,19.579737,3.3004816,5.932388,115.041115,-95.461378
262,Cedric Tillman,Wide Receiver,Browns,26,39.317104,4.582187,8.580423,135.11353,-95.796426
263,Jerome Ford,Running Back,Browns,26,18.671015,3.3236547,5.6176157,115.041115,-96.37010000000001
264,Samaje Perine,Running Back,Bengals,30,18.575071,2.6263855,7.072485,115.041115,-96.46604400000001
265,Kendre Miller,Running Back,Saints,23,18.396854,3.8435388,4.7864366,115.041115,-96.644261
266,Zavier Scott,Running Back,Vikings,26,17.920963,3.056018,5.864155,115.041115,-97.120152
267,DJ Giddens,Running Back,Colts,22,17.607937,3.2900062,5.3519464,115.041115,-97.433178
268,Brashard Smith,Running Back,Chiefs,23,17.392763,3.0188758,5.7613378,115.041115,-97.648352
269,Jalen Tolbert,Wide Receiver,Cowboys,27,37.03796,4.395084,8.427134,135.11353,-98.07557
270,Tanner Hudson,Tight End,Bengals,31,20.194317,2.9053981,6.9506197,118.337845,-98.143528
271,Hunter Long,Tight End,Jaguars,27,19.523142,2.7743769,7.0369463,118.337845,-98.81470300000001
272,Jalen McMillan,Wide Receiver,Buccaneers,24,36.188293,5.4979706,6.5821185,135.11353,-98.925237
273,Devaughn Vele,Wide Receiver,Saints,28,36.113213,4.6754737,7.723969,135.11353,-99.000317
274,Grant Calcaterra,Tight End,Eagles,27,18.825499,2.9387403,6.405976,118.337845,-99.51234600000001
275,Tyrell Shavers,Wide Receiver,Bills,26,35.50495,4.6493387,7.6365595,135.11353,-99.60857999999999
276,AJ Dillon,Running Back,Eagles,28,14.924855,3.3011944,4.521047,115.041115,-100.11626000000001
277,Jaydon Blue,Running Back,Cowboys,22,14.850993,2.8165572,5.272747,115.041115,-100.190122
278,Josh Whyle,Tight End,Packers,26,18.14006,2.822249,6.42752,118.337845,-100.19778500000001
279,Jahan Dotson,Wide Receiver,Eagles,26,34.693474,4.268889,8.12705,135.11353,-100.42005599999999
280,John Bates,Tight End,Commanders,28,17.871593,2.5946043,6.8879843,118.337845,-100.466252
281,Tyquan Thornton,Wide Receiver,Chiefs,25,34.556644,4.359803,7.9261937,135.11353,-100.55688599999999
282,Xavier Smith,Wide Receiver,Rams,28,34.1608,4.134566,8.262246,135.11353,-100.95273
283,Rashod Bateman,Wide Receiver,Ravens,26,33.662857,4.0211234,8.371506,135.11353,-101.450673
284,Braelon Allen,Running Back,Jets,22,13.421351,2.9795818,4.5044413,115.041115,-101.619764
285,Brevyn Spann-Ford,Tight End,Cowboys,26,15.405756,2.4891293,6.1892147,118.337845,-102.932089
286,Jaret Patterson,Running Back,Chargers,26,12.002047,2.795737,4.292981,115.041115,-103.039068
287,Tyler Badie,Running Back,Broncos,26,11.3557,1.9656061,5.7772,115.041115,-103.685415
288,Brock Wright,Tight End,Lions,27,14.373237,2.4504943,5.8654437,118.337845,-103.964608
289,John FitzPatrick,Tight End,Packers,26,14.202281,2.2851632,6.2149963,118.337845,-104.135564
290,Miles Sanders,Running Back,Cowboys,29,10.802326,2.4351869,4.435933,115.041115,-104.238789
291,Roschon Johnson,Running Back,Bears,25,10.232567,2.4230506,4.22301,115.041115,-104.808548
292,Jordan Whittington,Wide Receiver,Rams,25,30.073324,3.9539015,7.605987,135.11353,-105.040206
293,Corey Kiner,Running Back,Cardinals,24,9.897448,3.2836978,3.0141165,115.041115,-105.14366700000001
294,Drew Ogletree,Tight End,Colts,27,12.984148,2.6292949,4.9382625,118.337845,-105.353697
295,Roman Wilson,Wide Receiver,Steelers,24,29.627712,3.7178721,7.968997,135.11353,-105.485818
296,Rasheen Ali,Running Back,Ravens,25,9.267038,1.9828166,4.673674,115.041115,-105.774077
297,Hassan Haskins,Running Back,Chargers,26,9.218287,2.532682,3.6397336,115.041115,-105.822828
298,Savion Williams,Wide Receiver,Packers,24,29.260916,3.2291648,9.06145,135.11353,-105.85261399999999
299,Konata Mumpfield,Wide Receiver,Rams,23,29.196348,3.8058171,7.671506,135.11353,-105.917182
300,Tip Reiman,Tight End,Cardinals,24,12.337266,2.234704,5.5207605,118.337845,-106.000579
301,Dont'e Thornton Jr.,Wide Receiver,Raiders,23,28.915531,3.836909,7.5361524,135.11353,-106.197999
302,Raheem Mostert,Running Back,Raiders,34,8.787159,1.9428626,4.5227895,115.041115,-106.253956
303,George Holani,Running Back,Seahawks,26,8.447611,2.7780135,3.0408819,115.041115,-106.59350400000001
304,Cam Akers,Running Back,Vikings,26,8.447477,2.305267,3.6644247,115.041115,-106.593638
305,Kendrick Bourne,Wide Receiver,49ers,30,28.440619,3.727861,7.6292057,135.11353,-106.672911
306,Tahj Brooks,Running Back,Bengals,24,8.211865,1.9553196,4.199756,115.041115,-106.82925
307,Ronnie Rivers,Running Back,Rams,27,7.8611245,2.3124075,3.3995411,115.041115,-107.1799905
308,Drew Sample,Tight End,Bengals,30,10.771144,1.6727265,6.439274,118.337845,-107.566701
309,Greg Dortch,Wide Receiver,Cardinals,28,27.119661,3.5347924,7.672208,135.11353,-107.99386899999999
310,Brittain Brown,Running Back,Bears,28,7.014322,2.7351902,2.5644732,115.041115,-108.026793
311,Jelani Woods,Tight End,Jets,27,10.246957,1.8847578,5.43675,118.337845,-108.090888
312,Terrell Jennings,Running Back,Patriots,25,6.638876,2.050674,3.2374117,115.041115,-108.40223900000001
313,Will Shipley,Running Back,Eagles,23,6.437144,1.1960912,5.381817,115.041115,-108.603971
314,Jimmy Horn Jr.,Wide Receiver,Panthers,23,26.263445,2.6661444,9.850721,135.11353,-108.85008499999999
315,Antonio Gibson,Running Back,Patriots,27,6.0858803,1.570621,3.8748243,115.041115,-108.9552347
316,British Brooks,Running Back,Texans,26,6.040303,1.6336461,3.6974368,115.041115,-109.00081200000001
317,Evan Hull,Running Back,Saints,25,5.9038906,2.0666718,2.856714,115.041115,-109.13722440000001
318,Kalel Mullings,Running Back,Titans,23,5.8343687,1.6264691,3.5871377,115.041115,-109.2067463
319,Julius Chestnut,Running Back,Titans,25,5.5588937,2.1875694,2.541128,115.041115,-109.4822213
320,Josiah Deguara,Tight End,Cardinals,29,8.752265,1.9013267,4.603241,118.337845,-109.58558000000001
321,Dare Ogunbowale,Running Back,Texans,32,5.437606,1.6144795,3.368024,115.041115,-109.603509
322,Jacardia Wright,Running Back,Seahawks,25,5.4340644,2.210063,2.4587827,115.041115,-109.60705060000001
323,James Mitchell,Tight End,Panthers,26,8.715938,1.9067158,4.5711784,118.337845,-109.62190700000001
324,Ameer Abdullah,Running Back,Colts,32,5.251265,0.9002929,5.832841,115.041115,-109.78985
325,Joshua Palmer,Wide Receiver,Bills,26,25.289303,3.3137305,7.6316714,135.11353,-109.824227
326,Tanner Conner,Tight End,Dolphins,28,8.470558,2.394721,3.5371797,118.337845,-109.867287
327,Quintin Morris,Tight End,Jaguars,27,8.132332,1.7962277,4.5274506,118.337845,-110.205513
328,Will Dissly,Tight End,Chargers,29,8.07881,1.5509107,5.2090745,118.337845,-110.259035
329,Austin Ekeler,Running Back,Commanders,31,4.73243,2.0536363,2.3044147,115.041115,-110.30868500000001
330,Kylen Granson,Tight End,Eagles,28,7.9834747,1.8230968,4.3790736,118.337845,-110.3543703
331,Sione Vaki,Running Back,Lions,24,4.6858916,1.7980571,2.6060863,115.041115,-110.3552234
332,Tyler Goodson,Running Back,Colts,25,4.655391,1.6545566,2.813679,115.041115,-110.38572400000001
333,Jared Wiley,Tight End,Chiefs,25,7.920683,1.8433919,4.296798,118.337845,-110.417162
334,Tutu Atwell,Wide Receiver,Rams,26,24.371626,3.5102282,6.943032,135.11353,-110.741904
335,Will Mallory,Tight End,Colts,26,7.4741673,2.0947835,3.5679903,118.337845,-110.8636777
336,Eric Saubert,Tight End,Seahawks,32,7.404784,1.7795999,4.1609263,118.337845,-110.933061
337,Charlie Woerner,Tight End,Falcons,28,7.179418,1.6284984,4.4086123,118.337845,-111.158427
338,Dyami Brown,Wide Receiver,Jaguars,26,23.696882,3.3505707,7.0724916,135.11353,-111.416648
339,Raheim Sanders,Running Back,Browns,24,3.5849488,1.3933271,2.5729413,115.041115,-111.4561662
340,Nate Adkins,Tight End,Broncos,26,6.8036656,1.6798849,4.0500784,118.337845,-111.5341794
341,Keleki Latu,Tight End,Bills,23,6.789059,1.3947818,4.8674703,118.337845,-111.548786
342,Johnny Mundt,Tight End,Jaguars,31,6.774321,1.7374082,3.899096,118.337845,-111.563524
343,Ben Sims,Tight End,Vikings,26,6.5298615,2.116885,3.0846558,118.337845,-111.8079835
344,Dameon Pierce,Running Back,Chiefs,26,3.1938236,1.5657861,2.0397573,115.041115,-111.8472914
345,Tyler Conklin,Tight End,Chargers,30,6.228593,1.9139966,3.254234,118.337845,-112.109252
346,Brenden Bates,Tight End,Browns,26,6.1658187,1.5007476,4.108498,118.337845,-112.1720263
347,Josh Williams,Running Back,Buccaneers,24,2.8333147,2.0068328,1.4118339,115.041115,-112.2078003
348,Malachi Corley,Wide Receiver,Browns,24,22.861134,2.807276,8.143529,135.11353,-112.252396
349,Elijah Mitchell,Running Back,Chiefs,28,2.7885494,1.2362001,2.2557428,115.041115,-112.25256560000001
350,Moliki Matavao,Tight End,Saints,23,6.065021,1.7260331,3.5138497,118.337845,-112.272824
351,Nathan Carter,Running Back,Falcons,24,2.7626014,1.5273547,1.8087491,115.041115,-112.27851360000001
352,Jacob Saylors,Running Back,Lions,26,2.6802945,1.2966385,2.06711,115.041115,-112.3608205
353,Jack Stoll,Tight End,Saints,28,5.9694867,1.704496,3.5022004,118.337845,-112.3683583
354,Zamir White,Running Back,Raiders,26,2.4956512,1.0810901,2.308458,115.041115,-112.54546380000001
355,DeeJay Dallas,Running Back,Jaguars,27,2.3781135,0.95823497,2.4817646,115.041115,-112.66300150000001
356,Durham Smythe,Tight End,Bears,30,5.619843,1.4817277,3.7927637,118.337845,-112.718002
357,Phil Mafah,Running Back,Cowboys,23,2.208526,1.288885,1.7135167,115.041115,-112.832589
358,Ty Chandler,Running Back,Vikings,28,2.1767178,0.92190826,2.3611002,115.041115,-112.8643972
359,Amar Johnson,Running Back,Chargers,23,2.1453104,1.8837073,1.1388768,115.041115,-112.8958046
360,Owen Wright,Running Back,Buccaneers,27,2.0943112,1.2671772,1.6527375,115.041115,-112.9468038
361,Payne Durham,Tight End,Buccaneers,25,5.377886,0.99854875,5.3857017,118.337845,-112.959959
362,Mo Alie-Cox,Tight End,Colts,32,5.224648,1.3651325,3.8272097,118.337845,-113.113197
363,Kendall Milton,Running Back,Bengals,24,1.8875855,1.1030309,1.7112716,115.041115,-113.1535295
364,Foster Moreau,Tight End,Saints,29,5.1006584,1.1487296,4.4402604,118.337845,-113.2371866
365,Trayveon Williams,Running Back,Browns,28,1.779901,0.91285026,1.949828,115.041115,-113.26121400000001
366,Clyde Edwards-Helaire,Running Back,Chiefs,27,1.7560067,0.7267469,2.4162562,115.041115,-113.2851083
367,Efton Chism III,Wide Receiver,Patriots,24,21.637018,3.892937,5.558019,135.11353,-113.476512
368,D'Ernest Johnson,Running Back,Patriots,30,1.5427049,1.0219666,1.5095454,115.041115,-113.4984101
369,Devin Culp,Tight End,Buccaneers,26,4.717867,2.109157,2.2368495,118.337845,-113.619978
370,Zaire Mitchell-Paden,Tight End,Saints,26,4.707519,1.4973831,3.1438308,118.337845,-113.630326
371,Ulysses Bentley IV,Running Back,Colts,25,1.3611114,0.852429,1.5967447,115.041115,-113.6800036
372,Nyheim Hines,Running Back,Chargers,29,1.3254197,0.9832647,1.3479785,115.041115,-113.71569530000001
373,Jahdae Walker,Wide Receiver,Bears,23,21.393963,3.5223906,6.073705,135.11353,-113.719567
374,Craig Reynolds,Running Back,Lions,29,1.0709181,0.97427124,1.099199,115.041115,-113.9701969
375,Van Jefferson,Wide Receiver,Titans,29,21.04794,2.7296767,7.7107806,135.11353,-114.06559
376,Kene Nwangwu,Running Back,Jets,28,0.74346507,0.92970395,0.79967934,115.041115,-114.29764993
377,Kalif Raymond,Wide Receiver,Lions,31,20.682613,2.6676884,7.75301,135.11353,-114.430917
378,Chris Moore,Wide Receiver,Commanders,32,20.608843,3.1776502,6.4855604,135.11353,-114.50468699999999
379,Drake Dabney,Tight End,Packers,24,3.782855,1.4348269,2.636454,118.337845,-114.55499
380,Khalil Herbert,Running Back,Jets,28,0.41777736,0.630266,0.6628588,115.041115,-114.62333764
381,Albert Okwuegbunam Jr.,Tight End,Raiders,28,3.6933293,1.3827766,2.6709516,118.337845,-114.6445157
382,Dylan Laube,Running Back,Raiders,26,0.21237679,0.14225107,1.4929714,115.041115,-114.82873821000001
383,David Martin-Robinson,Tight End,Titans,26,3.3581777,0.91414034,3.673591,118.337845,-114.9796673
384,Travis Homer,Running Back,Bears,27,0.0,0.31696004,0.0,115.041115,-115.041115
385,Myles Gaskin,Running Back,Seahawks,29,-0.0,-0.017491937,0.0,115.041115,-115.041115
386,Chris Godwin Jr.,Wide Receiver,Buccaneers,30,20.0676,3.7565548,5.3420224,135.11353,-115.04593
387,Lucas Krull,Tight End,Broncos,27,3.0961463,1.1488041,2.695104,118.337845,-115.2416987
388,Harrison Bryant,Tight End,Texans,28,2.9852157,0.91348726,3.2679336,118.337845,-115.3526293
389,Sal Cannella,Tight End,Browns,29,2.957339,1.2046486,2.4549391,118.337845,-115.380506
390,Christian Kirk,Wide Receiver,Texans,29,19.453382,3.0282445,6.42398,135.11353,-115.66014799999999
391,Ross Dwelley,Tight End,Lions,31,2.6085515,1.344513,1.9401459,118.337845,-115.7292935
392,Ben Yurosek,Tight End,Vikings,24,2.5281477,0.8905167,2.8389673,118.337845,-115.8096973
393,Anthony Firkser,Tight End,Lions,31,2.5272603,1.0907874,2.3169136,118.337845,-115.8105847
394,Sterling Shepard,Wide Receiver,Buccaneers,33,19.139496,3.196649,5.9873624,135.11353,-115.97403399999999
395,Stone Smartt,Tight End,Jets,27,2.3553894,0.9863953,2.3878758,118.337845,-115.98245560000001
396,Tucker Fisk,Tight End,Chargers,27,2.3158553,0.8724539,2.6544156,118.337845,-116.0219897
397,Ian Thomas,Tight End,Raiders,30,2.2141738,0.6588002,3.3609185,118.337845,-116.1236712
398,Isaiah Williams,Wide Receiver,Jets,25,18.677702,2.7364094,6.825624,135.11353,-116.435828
399,Nick Kallerup,Tight End,Seahawks,25,1.7308393,0.79256654,2.183841,118.337845,-116.6070057
400,Colson Yankoff,Tight End,Commanders,26,1.688799,0.780922,2.1625707,118.337845,-116.649046
401,Blake Whiteheart,Tight End,Browns,26,1.504931,0.7758886,1.9396224,118.337845,-116.832914
402,Feleipe Franks,Tight End,Falcons,28,1.3511809,0.85103416,1.587693,118.337845,-116.9866641
403,Brayden Willis,Tight End,49ers,26,1.3067511,0.9052877,1.443465,118.337845,-117.0310939
404,Cam Grandy,Tight End,Bengals,26,1.1978734,0.75054044,1.5960144,118.337845,-117.1399716
405,Carter Runyon,Tight End,Raiders,24,1.0927349,0.6192464,1.7646204,118.337845,-117.2451101
406,Giovanni Ricci,Tight End,Lions,29,0.98688686,1.1589196,0.8515577,118.337845,-117.35095814
407,Tai Felton,Wide Receiver,Vikings,23,17.711777,3.3874953,5.228576,135.11353,-117.401753
408,David Sills V,Wide Receiver,Falcons,30,17.617983,3.1701667,5.557431,135.11353,-117.495547
409,Elijah Moore,Wide Receiver,Bills,26,17.480354,2.7381554,6.3839893,135.11353,-117.63317599999999
410,JuJu Smith-Schuster,Wide Receiver,Chiefs,29,17.244051,2.3124087,7.457181,135.11353,-117.869479
411,Pharaoh Brown,Tight End,Cardinals,32,0.3865336,0.29721972,1.3004978,118.337845,-117.9513114
412,Arian Smith,Wide Receiver,Jets,24,16.871912,2.5514743,6.612613,135.11353,-118.241618
413,Robert Tonyan,Tight End,Chiefs,32,0.040167604,0.37696934,0.10655404,118.337845,-118.297677396
414,Treylon Burks,Wide Receiver,Commanders,26,16.770218,3.4248996,4.896558,135.11353,-118.343312
415,Justin Fields,Quarterback,Jets,27,128.83176,15.28536,8.428441,247.36394,-118.53218000000001
416,Skyy Moore,Wide Receiver,49ers,25,16.445131,2.801708,5.869681,135.11353,-118.668399
417,Kevin Austin Jr.,Wide Receiver,Saints,26,15.778725,3.315842,4.758588,135.11353,-119.334805
418,Tim Patrick,Wide Receiver,Jaguars,32,15.481165,2.6665666,5.8056545,135.11353,-119.632365
419,Luke McCaffrey,Wide Receiver,Commanders,25,15.412908,3.4870763,4.4200087,135.11353,-119.700622
420,Mitchell Tinsley,Wide Receiver,Bengals,26,14.056527,3.2489216,4.326521,135.11353,-121.057003
421,KeAndre Lambert-Smith,Wide Receiver,Chargers,23,13.61766,2.6101146,5.217265,135.11353,-121.49587
422,Theo Wease Jr.,Wide Receiver,Dolphins,24,13.53081,2.9190505,4.6353464,135.11353,-121.58272
423,Tyler Johnson,Wide Receiver,Jets,27,13.404081,2.3714194,5.652345,135.11353,-121.70944899999999
424,Calvin Ridley,Wide Receiver,Titans,31,13.354052,2.3339603,5.7216277,135.11353,-121.759478
425,Demarcus Robinson,Wide Receiver,49ers,31,13.00407,2.0482216,6.3489566,135.11353,-122.10946
426,Ashton Dulin,Wide Receiver,Colts,29,12.618507,2.3115861,5.458809,135.11353,-122.495023
427,Lil'Jordan Humphrey,Wide Receiver,Broncos,28,12.540381,2.4345424,5.151022,135.11353,-122.573149
428,Tay Martin,Wide Receiver,Commanders,28,11.95638,2.740109,4.3634686,135.11353,-123.15715
429,Marquez Valdes-Scantling,Wide Receiver,Steelers,31,11.273426,2.2325919,5.049479,135.11353,-123.840104
430,Darius Cooper,Wide Receiver,Eagles,24,11.216635,2.8713708,3.9063694,135.11353,-123.896895
431,Cody White,Wide Receiver,Seahawks,27,10.897627,2.7294242,3.9926467,135.11353,-124.215903
432,Isaiah Hodgins,Wide Receiver,Giants,27,10.286033,2.2725763,4.526155,135.11353,-124.827497
433,Jordan Watkins,Wide Receiver,49ers,24,10.077831,2.3277066,4.329511,135.11353,-125.035699
434,Brycen Tremayne,Wide Receiver,Panthers,26,10.040359,2.4523542,4.0941715,135.11353,-125.073171
435,Devontez Walker,Wide Receiver,Ravens,24,9.989635,2.2909229,4.360529,135.11353,-125.123895
436,Curtis Samuel,Wide Receiver,Bills,29,9.809946,2.0850816,4.704826,135.11353,-125.303584
437,Nick Westbrook-Ikhine,Wide Receiver,Dolphins,29,8.467096,2.2089617,3.833066,135.11353,-126.646434
438,Ray-Ray McCloud III,Wide Receiver,Giants,29,8.024756,2.0943773,3.8315713,135.11353,-127.088774
439,Gabe Davis,Wide Receiver,Bills,27,7.9930205,1.8797022,4.25228,135.11353,-127.1205095
440,Gage Larvadain,Wide Receiver,Browns,23,7.8073196,2.2988436,3.3961942,135.11353,-127.3062104
441,Gunner Olszewski,Wide Receiver,Giants,29,7.520057,1.4196454,5.2971377,135.11353,-127.593473
442,Ryan Miller,Wide Receiver,Buccaneers,26,7.4146614,2.3725107,3.1252384,135.11353,-127.6988686
443,Jonathan Mingo,Wide Receiver,Cowboys,25,7.346913,1.6636612,4.416111,135.11353,-127.766617
444,Ke'Shawn Williams,Wide Receiver,Bengals,24,7.2228794,1.9135833,3.774531,135.11353,-127.8906506
445,DeAndre Hopkins,Wide Receiver,Ravens,34,6.993736,1.3584903,5.1481676,135.11353,-128.11979399999998
446,Dareke Young,Wide Receiver,Seahawks,27,6.8312507,2.0930097,3.263841,135.11353,-128.2822793
447,Tom Kennedy,Wide Receiver,Lions,29,6.7652006,1.8484923,3.659848,135.11353,-128.3483294
448,Casey Washington,Wide Receiver,Falcons,25,6.6778255,1.834185,3.640759,135.11353,-128.43570449999999
449,Malik Heath,Wide Receiver,Packers,26,6.6502833,1.711953,3.8846178,135.11353,-128.46324669999998
450,Quentin Skinner,Wide Receiver,Jets,24,6.634224,2.5137448,2.6391795,135.11353,-128.479306
451,Ronnie Bell,Wide Receiver,Saints,26,6.383462,2.3518238,2.7142603,135.11353,-128.730068
452,Noah Brown,Wide Receiver,Commanders,30,6.139038,2.0700047,2.965712,135.11353,-128.974492
453,Jamari Thrash,Wide Receiver,Browns,25,6.076625,1.6520095,3.6783233,135.11353,-129.036905
454,Shedrick Jackson,Wide Receiver,Raiders,26,5.9046054,1.8741684,3.15052,135.11353,-129.2089246
455,Velus Jones Jr.,Wide Receiver,Seahawks,29,5.797471,1.6328348,3.550556,135.11353,-129.316059
456,Hunter Renfrow,Wide Receiver,Panthers,30,5.5316796,1.7468522,3.1666558,135.11353,-129.5818504
457,Jason Brownlee,Wide Receiver,Chiefs,27,5.0531898,1.9719858,2.5624878,135.11353,-130.06034019999998
458,Dante Pettis,Wide Receiver,Saints,30,4.440214,1.6611452,2.672984,135.11353,-130.673316
459,Scotty Miller,Wide Receiver,Steelers,28,4.3418126,1.3433508,3.2320766,135.11353,-130.7717174
460,Xavier Gipson,Wide Receiver,Eagles,25,4.213656,1.1974181,3.5189512,135.11353,-130.899874
461,Kameron Johnson,Wide Receiver,Buccaneers,24,4.2121987,1.0006369,4.2095175,135.11353,-130.9013313
462,Beaux Collins,Wide Receiver,Giants,23,4.165218,1.8646139,2.2338233,135.11353,-130.948312
463,Xavier Restrepo,Wide Receiver,Titans,24,4.017865,1.5097249,2.6613228,135.11353,-131.095665
464,Britain Covey,Wide Receiver,Eagles,29,3.8855524,1.4000748,2.7752461,135.11353,-131.2279776
465,Malik Cunningham,Wide Receiver,Lions,27,3.8655894,1.3693701,2.822896,135.11353,-131.2479406
466,Jakobie Keeney-James,Wide Receiver,Packers,25,3.8093693,1.6128508,2.3618858,135.11353,-131.3041607
467,Derius Davis,Wide Receiver,Chargers,25,3.7394943,1.1681869,3.2011096,135.11353,-131.3740357
468,Allen Lazard,Wide Receiver,Jets,30,3.6187558,1.8330427,1.9741797,135.11353,-131.4947742
469,Samori Toure,Wide Receiver,Saints,28,3.603815,1.7417816,2.0690396,135.11353,-131.509715
470,Dylan Drummond,Wide Receiver,Falcons,26,3.577495,1.5756351,2.27051,135.11353,-131.536035
471,Myles Price,Wide Receiver,Vikings,24,3.5329785,1.3911872,2.5395422,135.11353,-131.58055149999998
472,Tylan Wallace,Wide Receiver,Ravens,27,3.4761386,1.3718367,2.5339303,135.11353,-131.63739139999998
473,Devin Duvernay,Wide Receiver,Bears,28,3.445182,1.098395,3.1365602,135.11353,-131.668348
474,Jalin Hyatt,Wide Receiver,Giants,24,3.4278243,1.2704176,2.698187,135.11353,-131.6857057
475,Jalen Royals,Wide Receiver,Chiefs,23,3.3984692,1.2184646,2.7891407,135.11353,-131.7150608
476,Mason Tipton,Wide Receiver,Saints,25,3.3170812,1.0774226,3.0787187,135.11353,-131.7964488
477,Anthony Gould,Wide Receiver,Colts,25,3.3048244,1.5543754,2.126143,135.11353,-131.8087056
478,Justin Watson,Wide Receiver,Texans,30,3.240939,1.3901306,2.3313916,135.11353,-131.872591
479,Ben Skowronek,Wide Receiver,Steelers,28,3.211988,1.0552435,3.0438359,135.11353,-131.901542
480,Cedrick Wilson Jr.,Wide Receiver,Dolphins,30,3.0772734,1.6027272,1.9200232,135.11353,-132.0362566
481,Mecole Hardman Jr.,Wide Receiver,Bills,28,3.0664616,1.0908802,2.8109977,135.11353,-132.0470684
482,Michael Bandy,Wide Receiver,Broncos,28,3.050078,1.141053,2.673038,135.11353,-132.06345199999998
483,Malik Turner,Wide Receiver,49ers,30,2.9050682,1.5959022,1.8203297,135.11353,-132.2084618
484,Austin Trammell,Wide Receiver,Jaguars,27,2.7188346,1.2684088,2.1435003,135.11353,-132.3946954
485,LaJohntay Wester,Wide Receiver,Ravens,24,2.6885107,0.9321064,2.8843389,135.11353,-132.4250193
486,Jalen Brooks,Wide Receiver,Cardinals,26,2.6563022,0.9215971,2.8822813,135.11353,-132.4572278
487,Alex Bachman,Wide Receiver,Raiders,30,2.580117,1.255522,2.0550153,135.11353,-132.533413
488,Nikko Remigio,Wide Receiver,Chiefs,26,2.4666593,0.82797194,2.9791582,135.11353,-132.6468707
489,Xavier Weaver,Wide Receiver,Cardinals,25,2.4157887,1.0917437,2.21278,135.11353,-132.6977413
490,Jamal Agnew,Wide Receiver,Falcons,31,2.3076112,0.7717021,2.9902875,135.11353,-132.8059188
491,Jared Wayne,Wide Receiver,Texans,25,2.055864,0.89736784,2.2909937,135.11353,-133.05766599999998
492,Jacoby Jones,Wide Receiver,Commanders,24,1.9874024,1.1274245,1.762781,135.11353,-133.1261276
493,Jalen Cropper,Wide Receiver,Cowboys,25,1.9808812,1.015135,1.9513475,135.11353,-133.1326488
494,Jake Bobo,Wide Receiver,Seahawks,27,1.9759351,1.1645298,1.6967665,135.11353,-133.1375949
495,Tyler Lockett,Wide Receiver,Raiders,33,1.9246644,0.39742655,4.842818,135.11353,-133.18886559999999
496,Charlie Jones,Wide Receiver,Bengals,27,1.742434,0.9174239,1.8992682,135.11353,-133.371096
497,Dee Eskridge,Wide Receiver,Dolphins,29,1.6954036,0.7047172,2.4057927,135.11353,-133.4181264
498,Tahj Washington,Wide Receiver,Dolphins,25,1.6883765,0.53728133,3.1424441,135.11353,-133.4251535
499,Andre Baccellia,Wide Receiver,Cardinals,29,1.6556647,0.7074296,2.340395,135.11353,-133.4578653
500,KhaDarel Hodge,Wide Receiver,Falcons,31,1.5588081,1.1594754,1.344408,135.11353,-133.5547219
501,Bryce Oliver,Wide Receiver,Titans,26,1.4847933,0.96783984,1.5341312,135.11353,-133.6287367
502,James Proche II,Wide Receiver,Titans,29,1.4546126,0.59215844,2.4564586,135.11353,-133.6589174
503,Coleman Owen,Wide Receiver,Colts,25,1.4102598,0.8042999,1.7534006,135.11353,-133.7032702
504,Deven Thompkins,Wide Receiver,Falcons,26,1.1944185,0.4300393,2.777464,135.11353,-133.91911149999999
505,Mason Kinsey,Wide Receiver,Titans,27,1.1783245,0.50754654,2.3216088,135.11353,-133.9352055
506,Josh Reynolds,Wide Receiver,Jets,31,1.1471099,0.8437612,1.3595196,135.11353,-133.9664201
507,Zay Jones,Wide Receiver,Cardinals,31,1.1288958,0.47132683,2.3951442,135.11353,-133.9846342
508,Braxton Berrios,Wide Receiver,Texans,30,0.99441314,1.4755908,0.6739085,135.11353,-134.11911686
509,Steven Sims,Wide Receiver,Cardinals,29,0.6924357,0.9120076,0.75924337,135.11353,-134.4210943
510,Tim Jones,Wide Receiver,Jaguars,28,0.45815706,0.2816239,1.6268401,135.11353,-134.65537294
511,Trent Sherfield,Wide Receiver,Cardinals,30,0.3559676,0.5496059,0.6476779,135.11353,-134.75756239999998
512,Robbie Chosen,Wide Receiver,Commanders,33,0.106749535,0.32705757,0.32639372,135.11353,-135.006780465
513,DeAndre Carter,Wide Receiver,Browns,33,-0.037861176,-0.23379944,0.1619387,135.11353,-135.151391176
514,Adam Thielen,Wide Receiver,Steelers,35,-0.463452,-0.33243763,1.3941021,135.11353,-135.576982
515,Brandin Cooks,Wide Receiver,Bills,32,-1.1307302,-0.53212357,2.124939,135.11353,-136.24426019999999
516,Michael Penix Jr.,Quarterback,Falcons,26,109.83706,12.32105,8.914586,247.36394,-137.52688
517,Russell Wilson,Quarterback,Giants,37,106.55257,15.14833,7.0339484,247.36394,-140.81137
518,Joe Flacco,Quarterback,Bengals,41,103.8682,12.609682,8.237179,247.36394,-143.49574
519,Marcus Mariota,Quarterback,Commanders,32,103.42223,13.731143,7.5319467,247.36394,-143.94171
520,Mac Jones,Quarterback,49ers,27,102.04746,11.799819,8.648223,247.36394,-145.31648
521,Aaron Rodgers,Quarterback,Steelers,42,100.47903,9.12084,11.016422,247.36394,-146.88491000000002
522,Jameis Winston,Quarterback,Giants,32,92.452576,10.624409,8.701903,247.36394,-154.91136400000002
523,Kyler Murray,Quarterback,Cardinals,28,88.845085,11.663853,7.6171303,247.36394,-158.51885500000003
524,Mitchell Trubisky,Quarterback,Bills,31,68.38749,10.8413315,6.308034,247.36394,-178.97645
525,Kirk Cousins,Quarterback,Falcons,37,62.193783,9.942502,6.2553453,247.36394,-185.17015700000002
526,Shedeur Sanders,Quarterback,Browns,24,61.651012,10.165713,6.064603,247.36394,-185.712928
527,Malik Willis,Quarterback,Packers,27,57.931507,9.578558,6.0480404,247.36394,-189.432433
528,Taysom Hill,Quarterback,Saints,35,49.035587,6.306725,7.775127,247.36394,-198.32835300000002
529,Dillon Gabriel,Quarterback,Browns,25,48.08467,8.039797,5.9808316,247.36394,-199.27927
530,Carson Wentz,Quarterback,Vikings,33,39.954,8.653136,4.6172853,247.36394,-207.40994
531,Jimmy Garoppolo,Quarterback,Rams,34,37.9364,6.9372067,5.468541,247.36394,-209.42754000000002
532,Joe Milton III,Quarterback,Cowboys,26,36.821907,7.1408563,5.1565113,247.36394,-210.542033
533,Davis Mills,Quarterback,Texans,27,36.728344,6.83648,5.3724055,247.36394,-210.63559600000002
534,Tanner McKee,Quarterback,Eagles,26,34.107883,6.3733077,5.351677,247.36394,-213.256057
535,Tyler Huntley,Quarterback,Ravens,28,21.34445,4.960358,4.3030057,247.36394,-226.01949000000002
536,Jake Browning,Quarterback,Bengals,30,20.837385,6.0916924,3.4206233,247.36394,-226.526555
537,Anthony Richardson Sr.,Quarterback,Colts,24,20.566525,4.0341263,5.098136,247.36394,-226.797415
538,Andy Dalton,Quarterback,Panthers,38,19.863756,6.243409,3.181556,247.36394,-227.50018400000002
539,Spencer Rattler,Quarterback,Saints,25,18.963772,4.300726,4.4094353,247.36394,-228.400168
540,Mason Rudolph,Quarterback,Steelers,30,16.93332,4.609362,3.6736794,247.36394,-230.43062
541,Zach Wilson,Quarterback,Dolphins,26,16.57557,4.4096036,3.7589705,247.36394,-230.78837000000001
542,Philip Rivers,Quarterback,Colts,44,16.454376,5.7516356,2.860817,247.36394,-230.90956400000002
543,Tyrod Taylor,Quarterback,Jets,36,14.172342,7.5014763,1.8892738,247.36394,-233.191598
544,Jalen Milroe,Quarterback,Seahawks,23,12.62185,3.9841394,3.168024,247.36394,-234.74209000000002
545,Joshua Dobbs,Quarterback,Patriots,31,12.350957,3.547501,3.4815936,247.36394,-235.01298300000002
546,Gardner Minshew II,Quarterback,Chiefs,30,12.13243,4.543879,2.6700602,247.36394,-235.23151000000001
547,Quinn Ewers,Quarterback,Dolphins,23,11.98299,3.4423525,3.4810467,247.36394,-235.38095
548,Drew Lock,Quarterback,Seahawks,29,11.469871,4.0814595,2.8102374,247.36394,-235.894069
549,Tyson Bagent,Quarterback,Bears,26,10.710982,4.379439,2.445743,247.36394,-236.652958
550,Adrian Martinez,Quarterback,49ers,26,9.778255,3.8426666,2.5446537,247.36394,-237.585685
551,Riley Leonard,Quarterback,Colts,23,9.762311,1.9354831,5.043863,247.36394,-237.601629
552,Trey Lance,Quarterback,Chargers,26,8.132133,2.673293,3.0419908,247.36394,-239.231807
553,Kenny Pickett,Quarterback,Raiders,28,6.902511,2.7453241,2.5142791,247.36394,-240.461429
554,Aidan O'Connell,Quarterback,Raiders,27,6.286361,3.3396168,1.8823601,247.36394,-241.07757900000001
555,Shane Buechele,Quarterback,Chiefs,28,6.245193,2.2937028,2.722756,247.36394,-241.118747
556,Nick Mullens,Quarterback,Jaguars,31,5.94182,2.7390575,2.1692936,247.36394,-241.42212
557,Brady Cook,Quarterback,Jets,24,4.768587,1.7873422,2.6679766,247.36394,-242.59535300000002
558,Jarrett Stidham,Quarterback,Broncos,29,3.9792478,3.201077,1.2430966,247.36394,-243.38469220000002
559,Cooper Rush,Quarterback,Ravens,32,3.6245482,2.0209098,1.793523,247.36394,-243.73939180000002
560,Brett Rypien,Quarterback,Bengals,29,3.4118705,2.4101238,1.4156412,247.36394,-243.95206950000002
561,Chris Oladokun,Quarterback,Chiefs,28,2.9144146,1.310785,2.2234116,247.36394,-244.44952540000003
562,Max Brosmer,Quarterback,Vikings,25,2.8504546,1.1995393,2.376291,247.36394,-244.5134854
563,Teddy Bridgewater,Quarterback,Buccaneers,33,2.3047843,2.213257,1.0413541,247.36394,-245.05915570000002
564,Kyle Allen,Quarterback,Lions,30,1.4285209,0.9739038,1.4667988,247.36394,-245.93541910000002
565,Kedon Slovis,Quarterback,Cardinals,25,1.3945494,0.8296861,1.6808156,247.36394,-245.96939060000003
566,Clayton Tune,Quarterback,Packers,27,1.0849683,0.8209141,1.3216587,247.36394,-246.2789717
567,Brandon Allen,Quarterback,Titans,33,0.1662785,0.20775169,0.8003713,247.36394,-247.1976615
