player_id,player_name,position,team_name,age,total_fantasy_points,ppg,games_played,proj_ppg_2026,proj_games_2026,proj_total_points_2026
3915511,Joe Burrow,Quarterback,Bengals,29,168.45999813079834,21.057499766349792,8,23.481266,14.941316,350.841
4429795,Jahmyr Gibbs,Running Back,Lions,24,366.90000200271606,21.582353058983298,17,22.115175,15.710449,347.43933
3918298,Josh Allen,Quarterback,Bills,30,412.6199984550476,25.788749903440475,16,23.777998,14.433753,343.20575
4426338,Bo Nix,Quarterback,Broncos,26,346.8400011062622,20.40235300625072,17,22.271292,15.059461,335.39365
3139477,Patrick Mahomes,Quarterback,Chiefs,30,325.67999839782715,23.262857028416224,14,23.055649,14.294725,329.57416
4430807,Bijan Robinson,Running Back,Falcons,24,368.79999923706055,21.694117602180032,17,22.83859,14.419822,329.3284
4431611,Caleb Williams,Quarterback,Bears,24,370.6799988746643,21.804705816156723,17,20.236069,15.892592,321.6036
3046779,Jared Goff,Quarterback,Lions,31,365.05999755859375,21.47411750344669,17,20.592096,15.317028,315.40973
4038941,Justin Herbert,Quarterback,Chargers,28,336.8800027370453,21.05500017106533,16,21.825176,14.349705,313.18484
3052587,Baker Mayfield,Quarterback,Buccaneers,31,319.9199981689453,18.818823421702664,17,20.512812,14.538446,298.22443
4360310,Trevor Lawrence,Quarterback,Jaguars,26,394.17999792099,23.187058701234704,17,19.16462,14.933068,286.18658
4040715,Jalen Hurts,Quarterback,Eagles,27,349.0600027143955,21.81625016964972,16,20.377914,14.039162,286.08884
4429160,De'Von Achane,Running Back,Dolphins,24,322.8000030517578,20.175000190734863,16,17.190178,15.755831,270.84552
4426515,Puka Nacua,Wide Receiver,Rams,25,375.0,23.4375,16,19.376461,13.7765465,266.9407
4362628,Ja'Marr Chase,Wide Receiver,Bengals,26,313.59999990463257,19.599999994039536,16,19.462933,13.621616,265.1166
4689114,Jaxson Dart,Quarterback,Giants,23,269.57999851182103,19.255714179415783,14,19.088493,13.672031,260.9785
4242335,Jonathan Taylor,Running Back,Colts,27,360.3000016212464,21.19411774242625,17,18.042511,14.119315,254.7479
3912547,Sam Darnold,Quarterback,Seahawks,29,281.41999864578247,16.55411756739897,17,18.117294,14.051362,254.57266
4430878,Jaxon Smith-Njigba,Wide Receiver,Seahawks,24,359.899998664856,21.17058815675623,17,17.301792,14.424955,249.57758
12483,Matthew Stafford,Quarterback,Rams,38,442.3800058364868,26.022353284499225,17,19.78781,12.500825,247.36394
4374302,Amon-Ra St. Brown,Wide Receiver,Lions,26,324.00000190734863,19.058823641608743,17,18.075655,13.207737,238.7385
2577417,Dak Prescott,Quarterback,Cowboys,32,367.7799975275993,21.63411750162349,17,19.05668,12.245145,233.35182
4361741,Brock Purdy,Quarterback,49ers,26,215.38000059127808,23.93111117680868,9,18.059528,12.676709,228.9354
4379399,James Cook III,Running Back,Bills,26,302.19999837875366,17.776470492867862,17,14.892584,14.853659,221.20935
4432710,TreVeyon Henderson,Running Back,Patriots,23,206.19999957084656,12.12941173946156,17,14.625271,15.067785,220.37044
4430737,Kyren Williams,Running Back,Rams,25,263.3000011444092,15.488235361435834,17,14.087623,15.627869,220.15952
4258173,Nico Collins,Wide Receiver,Texans,27,224.1999998092652,14.94666665395101,15,14.93032,14.4917,216.36572
4688380,Cam Ward,Quarterback,Titans,24,216.66000318527225,12.744706069721897,17,16.043634,13.450133,215.78902
4890973,Ashton Jeanty,Running Back,Raiders,22,245.0999984741211,14.417646969065949,17,16.208714,13.261132,214.94589
4362238,Chase Brown,Running Back,Bengals,26,280.60000371932983,16.505882571725284,17,14.405088,14.903916,214.69223
4426502,Drake London,Wide Receiver,Falcons,24,199.89999663829803,16.6583330531915,12,14.927655,14.215768,212.20808
4047646,A.J. Brown,Wide Receiver,Eagles,28,220.3000009059906,14.68666672706604,15,14.738125,14.329601,211.19145
4429615,Zay Flowers,Wide Receiver,Ravens,25,243.3000005483628,14.311764738138985,17,14.456922,14.496011,209.56769
4036378,Jordan Love,Quarterback,Packers,27,277.1399943828583,18.475999625523887,15,15.300391,13.67177,209.18343
4427366,Breece Hall,Running Back,Jets,25,209.66000032424927,13.10375002026558,16,14.14729,14.717669,208.21513
4433970,J.J. McCarthy,Quarterback,Vikings,23,145.37999841570854,14.537999841570857,10,16.359543,12.563034,205.5255
4239996,Travis Etienne Jr.,Running Back,Jaguars,27,253.9000010490417,14.935294179355395,17,14.183439,14.385965,204.04247
4241389,CeeDee Lamb,Wide Receiver,Cowboys,27,200.9000037908554,15.453846445450417,13,14.590764,13.907438,202.92015
4567750,Emeka Egbuka,Wide Receiver,Buccaneers,23,193.6999990940094,11.39411759376526,17,13.510172,14.631746,197.67741
4431452,Drake Maye,Quarterback,Patriots,23,409.9599962234497,24.115293895497043,17,15.212863,12.972233,197.3448
4426388,Jameson Williams,Wide Receiver,Lions,25,219.8999981880188,12.935294011059929,17,13.476497,14.633474,197.20796
4685472,Tetairoa McMillan,Wide Receiver,Panthers,23,211.39999961853027,12.435294095207665,17,13.44436,14.4746895,194.60294
4426354,George Pickens,Wide Receiver,Cowboys,25,289.8999990224838,17.05294111896964,17,13.779127,14.0324135,193.35442
4568490,RJ Harvey,Running Back,Broncos,25,206.60000157356265,12.152941269033096,17,13.457694,14.329454,192.84142
3929630,Saquon Barkley,Running Back,Eagles,29,230.3000016212464,14.393750101327896,16,13.914082,13.777204,191.69713
4361307,Trey McBride,Tight End,Cardinals,26,315.90000438690186,18.58235319922952,17,12.661293,15.008003,190.02072
3917792,Daniel Jones,Quarterback,Colts,29,262.43999844789505,20.18769218829961,13,14.230207,13.094123,186.33209
3117251,Christian McCaffrey,Running Back,49ers,30,416.5999975204468,24.505882207085104,17,18.182247,10.215722,185.74478
4361370,Chris Olave,Wide Receiver,Saints,25,267.99999618530273,16.74999976158142,16,14.152016,13.113167,185.57774
3043078,Derrick Henry,Running Back,Ravens,32,279.4999988079071,16.441176400465125,17,14.951679,12.3896,185.24532
15847,Travis Kelce,Tight End,Chiefs,36,191.20000064373016,11.247058861395892,17,13.060035,14.04005,183.36354
4432773,Brian Thomas Jr.,Wide Receiver,Jaguars,23,138.80000042915344,9.914285744939532,14,12.82531,14.214279,182.30254
4241479,Tua Tagovailoa,Quarterback,Dolphins,28,198.7000008821488,14.192857205867767,14,15.245987,11.827474,180.3215
4239993,Tee Higgins,Wide Receiver,Bengals,27,209.6000022888184,13.973333485921223,15,13.295575,13.438542,178.67316
4612826,Ladd McConkey,Wide Receiver,Chargers,24,180.89999985694885,11.306249991059303,16,12.8149605,13.87233,177.77336
4360248,Kyle Pitts Sr.,Tight End,Falcons,25,210.7999987602234,12.399999927071963,17,12.040862,14.705135,177.0625
4431459,Tyler Warren,Tight End,Colts,24,188.49999690055847,11.088235111797555,17,11.674301,14.734962,172.02039
4432665,Brock Bowers,Tight End,Raiders,23,174.20000004768372,14.51666667064031,12,12.647056,13.531081,171.12834
2578570,Jacoby Brissett,Quarterback,Cardinals,33,271.4400007277727,19.3885714805552,14,14.54301,11.765722,171.10901
4723086,Colston Loveland,Tight End,Bears,22,165.09999918937683,10.318749949336052,16,11.754184,14.532359,170.81602
4685382,Omarion Hampton,Running Back,Chargers,23,135.69999980926514,15.077777756585014,9,14.476504,11.719036,169.65068
4569587,Wan'Dale Robinson,Wide Receiver,Giants,25,217.89999914169312,13.61874994635582,16,11.605718,14.467943,167.91086
4360761,Michael Wilson,Wide Receiver,Cardinals,26,220.59999895095825,12.976470526526956,17,11.898237,14.092949,167.68124
15864,Geno Smith,Quarterback,Raiders,35,209.89999914169312,13.993333276112876,15,14.647544,11.373774,166.59785
4372016,Jaylen Waddle,Wide Receiver,Dolphins,27,194.11999768018725,12.132499855011702,16,11.309265,14.529308,164.3158
4371733,Kenneth Gainwell,Running Back,Steelers,27,221.3000016212464,13.01764715419096,17,11.002495,14.899715,163.93404
4361579,Javonte Williams,Running Back,Cowboys,26,242.79999828338623,15.17499989271164,16,11.844534,13.7309675,162.63692
4432577,C.J. Stroud,Quarterback,Texans,24,246.5399966239929,17.609999758856638,14,13.649196,11.830363,161.47495
3128429,Courtland Sutton,Wide Receiver,Broncos,30,217.6999992132187,12.805882306659925,17,11.172179,14.452187,161.46242
4426348,Jayden Daniels,Quarterback,Commanders,25,128.28000044822693,18.325714349746704,7,15.173541,10.6172905,161.1019
16800,Davante Adams,Wide Receiver,Rams,33,222.9000029563904,15.921428782599312,14,12.567232,12.765135,160.42241
4429025,Quentin Johnston,Wide Receiver,Chargers,24,171.19999814033508,13.169230626179624,13,11.761317,13.505268,158.83974
4685720,Bryce Young,Quarterback,Panthers,24,262.04000091552734,16.37750005722046,16,12.871311,12.268066,157.9061
3046439,Hunter Henry,Tight End,Patriots,31,178.80000019073486,10.517647070043228,17,11.309243,13.931581,157.55563
4047365,Josh Jacobs,Running Back,Packers,28,237.10000205039972,15.806666803359985,15,11.94894,13.115933,156.72151
3040151,George Kittle,Tight End,49ers,32,161.5,14.681818181818182,11,11.495632,13.608939,156.44336
4360689,Tyler Shough,Quarterback,Saints,26,175.96000146865845,15.99636376987804,11,13.609452,11.486164,156.3204
4259545,D'Andre Swift,Running Back,Bears,27,228.59999883174896,14.28749992698431,16,10.855467,14.202191,154.17142
4569987,Jaylen Warren,Running Back,Steelers,27,217.09999895095825,13.56874993443489,16,11.170303,13.739916,153.47903
4685278,Luther Burden III,Wide Receiver,Bears,22,127.89999884366988,8.526666589577992,15,10.879901,14.033158,152.67937
4373678,Khalil Shakir,Wide Receiver,Bills,26,166.39999955892563,10.399999972432852,16,10.454193,13.917577,145.49704
4360078,Alec Pierce,Wide Receiver,Colts,26,183.2999997138977,12.219999980926511,15,10.878972,13.353386,145.27112
4569173,Rhamondre Stevenson,Running Back,Patriots,28,174.79999947547913,12.48571424824851,14,11.025891,13.072339,144.13419
4360516,Tyrone Tracy Jr.,Running Back,Giants,26,160.80000126361847,10.720000084241232,15,10.256731,13.978026,143.36885
4567048,Kenneth Walker III,Running Back,Seahawks,25,191.8999989032745,11.288235229604384,17,10.302766,13.867894,142.87767
3121023,Dallas Goedert,Tight End,Eagles,31,185.09999990463257,12.339999993642172,15,10.13524,13.9953375,141.8461
4432620,Parker Washington,Wide Receiver,Jaguars,24,172.70000161975622,11.513333441317082,15,10.78073,13.119615,141.43903
4035687,Michael Pittman Jr.,Wide Receiver,Colts,28,200.39999747276303,11.788235145456651,17,11.135901,12.636401,140.71771
4038815,Rico Dowdle,Running Back,Panthers,27,216.30000352859497,12.723529619329115,17,11.024941,12.662764,139.60623
4428331,Rashee Rice,Wide Receiver,Chiefs,26,148.1000018119812,18.51250022649765,8,13.210195,10.4295,137.77573
5083076,Harold Fannin Jr.,Tight End,Browns,21,186.39999961853027,11.649999976158142,16,10.537986,13.060007,137.62617
4047650,DK Metcalf,Wide Receiver,Steelers,28,187.1999983787537,12.479999891916911,15,10.0547,13.437847,135.11353
3916433,Jakobi Meyers,Wide Receiver,Jaguars,29,175.80000066757202,10.987500041723251,16,10.636672,12.65849,134.64421
4576297,AJ Barner,Tight End,Seahawks,24,147.29999965429306,8.66470586201724,17,9.291762,14.448451,134.25157
3126486,Deebo Samuel,Wide Receiver,Commanders,30,188.2000012397766,11.762500077486038,16,10.046363,13.1261835,131.8704
3915416,DJ Moore,Wide Receiver,Bears,29,172.17999923229218,10.128235248958363,17,9.133663,14.32955,130.88129
4877706,Jayden Higgins,Wide Receiver,Texans,23,129.49999833106995,7.617646960651173,17,9.268583,14.0627575,130.34184
4432708,Marvin Harrison Jr.,Wide Receiver,Cardinals,23,125.80000114440918,10.483333428700766,12,10.371281,12.475471,129.38661
4362887,Justin Fields,Quarterback,Jets,27,146.66000080108645,16.29555564456516,9,15.28536,8.428441,128.83176
4248528,Christian Watson,Wide Receiver,Packers,27,132.39999842643738,13.239999842643735,10,9.928262,12.904486,128.11911
4431299,Rome Odunze,Wide Receiver,Bears,24,146.09999823570251,12.17499985297521,12,9.954479,12.769265,127.11138
4697815,Rachaad White,Running Back,Buccaneers,27,143.00000071525574,8.41176474795622,17,8.973923,14.030046,125.90456
4431280,Troy Franklin,Wide Receiver,Broncos,23,171.09999775886536,10.064705750521492,17,9.210659,13.600092,125.26581
4429205,Jordan Addison,Wide Receiver,Vikings,24,135.099999666214,9.649999976158142,14,8.83242,13.699674,121.001274
4572680,Tucker Kraft,Tight End,Packers,25,117.19999837875366,14.649999797344208,8,10.3542595,11.673183,120.86717
3121422,Terry McLaurin,Wide Receiver,Commanders,30,114.19999933242798,11.419999933242796,10,10.207623,11.834446,120.80156
2976212,Stefon Diggs,Wide Receiver,Patriots,32,210.3000001907349,12.370588246513815,17,9.100359,13.16171,119.77628
3116365,Mark Andrews,Tight End,Ravens,30,131.0,7.705882352941177,17,8.5705,13.947576,119.537704
3117256,Dalton Schultz,Tight End,Texans,29,177.6999990940094,10.452941123177023,17,9.077316,13.136185,119.2413
3929645,Juwan Johnson,Tight End,Saints,29,179.90000128746033,10.582353016909432,17,9.574506,12.359682,118.337845
4688813,Josh Downs,Wide Receiver,Colts,24,136.4000015258789,8.525000095367432,16,8.923092,13.240398,118.145294
4361432,Romeo Doubs,Wide Receiver,Packers,26,163.39999961853027,10.212499976158142,16,8.392546,14.068427,118.069916
4429059,Woody Marks,Running Back,Texans,25,145.10000091791153,9.06875005736947,16,9.0266,12.952549,116.91748
4595348,Malik Nabers,Wide Receiver,Giants,22,57.10000109672546,14.275000274181366,4,11.024192,10.594035,116.79067
3916148,Tony Pollard,Running Back,Titans,29,185.8000020980835,10.92941188812256,17,9.240146,12.594168,116.37194
4696981,Cam Skattebo,Running Back,Giants,24,125.69999933242798,15.712499916553496,8,10.882496,10.577145,115.105736
4608686,Kyle Monangai,Running Back,Bears,24,142.69999885559082,8.394117579740637,17,9.22783,12.466757,115.041115
3886598,Jauan Jennings,Wide Receiver,49ers,28,171.3000009059906,11.420000060399373,15,8.805174,12.924262,113.80038
4428718,Tre Tucker,Wide Receiver,Raiders,25,161.7000012397766,9.511764778810388,17,7.935989,14.31241,113.58313
4430027,Sam LaPorta,Tight End,Lions,25,106.9000015258789,11.877777947319878,9,9.218178,12.225749,112.69913
4430539,Brenton Strange,Tight End,Jaguars,25,117.99999976158142,9.833333313465118,12,8.648997,12.978793,112.25355
4595342,Oronde Gadsden,Tight End,Chargers,22,131.40000176429749,8.760000117619832,15,9.04836,12.398732,112.188194
4685702,Quinshon Judkins,Running Back,Browns,22,167.80000019073486,11.985714299338204,14,10.960167,10.215306,111.961464
4360423,Michael Penix Jr.,Quarterback,Falcons,26,136.2799994945526,15.1422221660614,9,12.32105,8.914586,109.83706
4426385,Zach Charbonnet,Running Back,Seahawks,25,179.4000005722046,11.212500035762789,16,7.801371,14.001596,109.23165
4242355,Jake Ferguson,Tight End,Cowboys,27,186.10000085830688,10.947058874018053,17,7.517094,14.475619,108.81459
4241985,J.K. Dobbins,Running Back,Broncos,27,115.90000009536745,11.590000009536745,10,9.093956,11.915571,108.35968
4596448,Bucky Irving,Running Back,Buccaneers,23,138.50000143051147,13.850000143051147,10,9.356685,11.485011,107.461624
14881,Russell Wilson,Quarterback,Giants,37,55.83999902009964,9.30666650334994,6,15.14833,7.0339484,106.55257
11252,Joe Flacco,Quarterback,Bengals,41,172.65999983251095,13.281538448654688,13,12.609682,8.237179,103.8682
2576980,Marcus Mariota,Quarterback,Commanders,32,143.49999976158142,14.34999997615814,10,13.731143,7.5319467,103.42223
4429096,Blake Corum,Running Back,Rams,25,122.2000014781952,7.188235381070306,17,7.8861723,13.061362,103.00415
4241464,Mac Jones,Quarterback,49ers,27,154.04000003635883,14.003636366941713,11,11.799819,8.648223,102.04746
4428209,Ricky Pearsall,Wide Receiver,49ers,25,88.60000157356262,9.844444619284737,9,8.836796,11.425465,100.9645
8439,Aaron Rodgers,Quarterback,Steelers,42,273.079998254776,17.0674998909235,16,9.12084,11.016422,100.47903
4243331,Cade Otton,Tight End,Buccaneers,27,122.20000171661376,8.146666781107585,15,7.3234496,13.69728,100.31134
3054212,Jonnu Smith,Tight End,Steelers,30,85.20000064373016,5.0117647437488335,17,7.4414215,13.460534,100.165504
4701936,Matthew Golden,Wide Receiver,Packers,22,70.00000038743019,5.000000027673585,14,6.931378,13.910613,96.419716
4429148,Theo Johnson,Tight End,Giants,25,127.7999987602234,8.519999917348226,15,7.5097575,12.765227,95.86376
4586312,Jaylin Noel,Wide Receiver,Texans,23,68.40000051259995,4.885714322328568,14,7.3274117,13.0092,95.32376
4683062,Xavier Worthy,Wide Receiver,Chiefs,23,109.90000066906214,7.850000047790153,14,7.0690904,13.394372,94.68603
4361411,Pat Freiermuth,Tight End,Steelers,27,113.60000097751616,7.573333398501078,15,6.8951488,13.491953,93.02902
2969939,Jameis Winston,Quarterback,Giants,32,47.280001640319824,15.760000546773275,3,10.624409,8.701903,92.452576
4385690,Dalton Kincaid,Tight End,Bills,26,126.1000006198883,10.508333384990692,12,7.9194045,11.628598,92.091576
4575131,Jacory Croskey-Merritt,Running Back,Commanders,25,140.30000066757202,8.252941215739531,17,8.445417,10.625324,89.7353
4808766,Mason Taylor,Tight End,Jets,22,86.89999973773956,6.6846153644415045,13,7.139356,12.482224,89.11504
3917315,Kyler Murray,Quarterback,Cardinals,28,89.77999973297119,17.95599994659424,5,11.663853,7.6171303,88.845085
4600981,Pat Bryant,Wide Receiver,Broncos,23,74.79999911785126,6.233333259820938,12,7.5446877,11.774595,88.83565
4428557,Tyjae Spears,Running Back,Titans,24,111.69999933242798,8.592307640955998,13,7.293019,12.127916,88.44912
4686612,Tre' Harris,Wide Receiver,Chargers,24,69.40000009536743,4.3375000059604645,16,7.0792656,12.386716,87.68885
4036133,T.J. Hockenson,Tight End,Vikings,28,112.80000042915344,7.520000028610229,15,7.0984864,12.326309,87.49814
4597500,Adonai Mitchell,Wide Receiver,Jets,23,87.90000057220459,5.493750035762787,16,7.17696,12.189451,87.4832
5123663,Isaac TeSlaa,Wide Receiver,Lions,24,75.8999993801117,5.421428527150836,14,6.8725343,12.5360775,86.154625
4032473,Rashid Shaheed,Wide Receiver,Seahawks,27,144.599999666214,8.033333314789665,18,7.3071537,11.711346,85.5766
4241416,Chuba Hubbard,Running Back,Panthers,26,125.40000009536745,8.36000000635783,15,7.401806,11.4397,84.67444
15818,Keenan Allen,Wide Receiver,Chargers,34,182.6999990940094,10.747058770235848,17,8.010264,10.519743,84.26592
4429501,Ray Davis,Running Back,Bills,26,58.09999916702509,4.469230705155776,13,6.5980353,12.570033,82.93752
4035538,David Montgomery,Running Back,Lions,29,166.92000019550323,9.818823540911955,17,7.1388025,11.446123,81.71161
4883647,Elic Ayomanor,Wide Receiver,Titans,23,116.49999976158142,7.281249985098839,16,6.2171826,13.055536,81.168655
4635008,Keon Coleman,Wide Receiver,Bills,23,100.40000081062315,8.366666734218597,12,7.2510567,11.116678,80.607666
4241463,Jerry Jeudy,Wide Receiver,Browns,27,120.69999980926514,7.099999988780303,17,7.5194936,10.719087,80.602104
4678006,Elijah Arroyo,Tight End,Seahawks,23,36.89999949932098,2.838461499947768,13,6.4649687,12.37229,79.986465
4429022,Kayshon Boutte,Wide Receiver,Patriots,24,124.09999918937685,8.864285656384059,14,6.5866785,11.930306,78.58109
4362249,Jayden Reed,Wide Receiver,Packers,26,48.50000047683716,9.700000095367432,5,7.630527,10.263772,78.31799
4882093,Bhayshul Tuten,Running Back,Jaguars,23,88.60000026226044,5.906666684150696,15,7.2789574,10.731554,78.114525
4569618,Garrett Wilson,Wide Receiver,Jets,25,99.50000095367432,14.214285850524902,7,6.9445934,11.033086,76.62029
4360569,Jordan Mason,Running Back,Vikings,27,128.89999973773956,8.056249983608723,16,7.0869555,10.67319,75.64043
4427095,DeMario Douglas,Wide Receiver,Patriots,25,95.80000007152556,5.987500004470348,16,6.125525,12.331279,75.53555
4686472,Marvin Mims Jr.,Wide Receiver,Broncos,24,87.0000000745058,5.800000004967054,15,5.776209,12.882856,74.41407
4360635,Chig Okonkwo,Tight End,Titans,26,124.00000154972076,7.294117738218868,17,5.481344,13.503875,74.01939
4686422,Xavier Hutchinson,Wide Receiver,Texans,26,97.99999833106996,6.124999895691872,16,5.8426266,12.288349,71.796234
4428850,Dontayvion Wicks,Wide Receiver,Packers,24,75.7999997138977,5.830769208761362,13,6.258783,11.250297,70.41316
3051876,Evan Engram,Tight End,Broncos,31,102.79999923706056,6.424999952316284,16,6.11368,11.451689,70.01196
2991662,Mack Hollins,Wide Receiver,Patriots,32,113.400000333786,8.100000023841858,14,6.457277,10.798757,69.73056
4243389,Calvin Austin III,Wide Receiver,Steelers,27,86.20000004768372,6.157142860548837,14,5.5498295,12.526617,69.52059
4430802,Darnell Washington,Tight End,Steelers,24,71.3999993801117,5.492307644623977,13,5.641648,12.246518,69.090546
4430968,Kimani Vidal,Running Back,Chargers,24,117.89999997615814,9.824999998013178,12,6.9320574,9.950441,68.97703
15835,Zach Ertz,Tight End,Commanders,35,124.39999914169312,9.569230703207165,13,6.354304,10.77134,68.44437
3039707,Mitchell Trubisky,Quarterback,Bills,31,37.12000063061714,9.280000157654284,4,10.8413315,6.308034,68.38749
4258595,Cole Kmet,Tight End,Bears,27,76.70000004768372,4.793750002980232,16,5.281009,12.92862,68.27616
5083754,Ryan Flournoy,Wide Receiver,Cowboys,26,113.99999976158142,8.769230750890879,13,5.7573485,11.751059,67.65494
4686728,Gunnar Helm,Tight End,Titans,23,91.70000040531158,5.731250025331974,16,5.4163156,12.456234,67.466896
4368003,Andrei Iosivas,Wide Receiver,Bengals,26,89.90000033378601,5.993333355585734,15,5.660622,11.842943,67.03843
3054850,Alvin Kamara,Running Back,Saints,30,100.69999998807909,9.154545453461736,11,7.168608,9.337241,66.93502
4569603,Malik Washington,Wide Receiver,Dolphins,25,110.7000002861023,6.5117647227119,17,5.3726983,12.327313,66.230934
4361050,Isaiah Likely,Tight End,Ravens,26,61.69999957084656,5.60909087007696,11,5.6169305,11.742999,65.95961
4242557,Colby Parkinson,Tight End,Rams,27,129.80000030994415,9.27142859356744,14,4.8877993,13.266029,64.84169
3059915,Kareem Hunt,Running Back,Chiefs,30,145.40000076591969,8.552941221524687,17,6.035297,10.723802,64.72133
3127586,Jeremy McNichols,Running Back,Commanders,30,70.70000052452087,4.418750032782555,16,5.9909687,10.671935,63.93523
4608810,Tez Johnson,Wide Receiver,Buccaneers,24,92.40000104904176,6.160000069936117,15,5.893847,10.837598,63.875145
4241372,Hollywood Brown,Wide Receiver,Chiefs,29,137.6999990940094,8.606249943375587,16,5.8507357,10.88102,63.66197
4367209,Greg Dulcich,Tight End,Dolphins,26,62.799999713897705,6.977777745988634,9,5.331977,11.707579,62.424538
14880,Kirk Cousins,Quarterback,Falcons,37,123.5399967432022,12.35399967432022,10,9.942502,6.2553453,62.193783
4570037,Terrance Ferguson,Tight End,Rams,23,52.10000002384186,4.736363638531078,11,4.9807973,12.439517,61.958714
4431268,Chimere Dike,Wide Receiver,Titans,23,114.09999810904264,6.711764594649567,17,4.717062,13.110661,61.8438
4432762,Shedeur Sanders,Quarterback,Browns,24,98.89999961853027,12.362499952316284,8,10.165713,6.064603,61.651012
3123076,David Njoku,Tight End,Browns,29,86.3000009059906,7.845454627817327,11,4.8810043,12.4007845,60.528282
4241474,Brian Robinson Jr.,Running Back,49ers,27,62.49999988079071,3.9062499925494194,16,6.1811795,9.69113,59.90261
3042519,Aaron Jones Sr.,Running Back,Vikings,31,118.70000004768372,9.89166667064031,12,6.5839243,9.039873,59.51784
3676833,KaVontae Turpin,Wide Receiver,Cowboys,29,84.50000071525574,5.633333381017049,15,4.8444486,12.2577095,59.381844
4685415,Travis Hunter,Wide Receiver,Jaguars,23,63.799999713897705,9.114285673413958,7,5.6349497,10.526891,59.3185
3116406,Tyreek Hill,Wide Receiver,Dolphins,32,53.49999904632568,13.37499976158142,4,8.216064,7.167335,58.887287
4430034,Xavier Legette,Wide Receiver,Panthers,25,89.30000013113022,5.953333342075348,15,5.5835404,10.508403,58.67409
3045147,James Conner,Running Back,Cardinals,31,33.29999923706055,11.09999974568685,3,7.88163,7.410652,58.408016
4695883,Jalen Coker,Wide Receiver,Panthers,24,88.39999949932098,8.036363590847362,11,6.029474,9.656481,58.2235
4242512,Malik Willis,Quarterback,Packers,27,57.180000364780426,14.295000091195108,4,9.578558,6.0480404,57.931507
4695404,Isaiah Davis,Running Back,Jets,24,69.19999939203262,4.613333292802175,15,5.7488313,10.052733,57.79147
3930086,Dawson Knox,Tight End,Bills,29,101.70000004768372,6.356250002980232,16,4.486583,12.742329,57.169518
4382466,Jalen Nailor,Wide Receiver,Vikings,27,98.69999861717224,5.805882271598367,17,4.721247,11.919633,56.27553
4373626,Tyler Allgeier,Running Back,Falcons,26,123.00000154972076,7.235294208807104,17,5.0635915,10.871527,55.04897
4040655,Darnell Mooney,Wide Receiver,Falcons,28,82.29999959468842,5.486666639645894,15,6.0281806,9.016122,54.35081
2576925,Darren Waller,Tight End,Dolphins,33,88.70000004768372,11.087500005960464,8,6.920005,7.853393,54.34552
2977187,Cooper Kupp,Wide Receiver,Seahawks,32,114.30000007152556,7.143750004470348,16,6.0971236,8.767072,53.45392
4429086,Michael Mayer,Tight End,Raiders,24,73.7999997138977,6.149999976158142,12,4.5701413,11.641893,53.205097
3116164,Mike Gesicki,Tight End,Bengals,30,70.70000040531158,5.891666700442632,12,4.5752025,11.4831705,52.53783
16737,Mike Evans,Wide Receiver,Buccaneers,32,84.80000257492065,10.600000321865082,8,6.2965565,8.103488,51.02407
4036131,Noah Fant,Tight End,Bengals,28,74.799999833107,5.75384614100823,13,4.4611616,11.413092,50.915646
4887558,Emanuel Wilson,Running Back,Packers,27,92.49999997019768,5.781249998137355,16,4.5985084,11.068466,50.898434
4240603,Malik Davis,Running Back,Cowboys,27,40.59999990463257,4.5111111005147295,9,5.890759,8.583362,50.562515
5081397,Dylan Sampson,Running Back,Browns,21,87.59999990463257,5.839999993642171,15,5.82253,8.660951,50.428642
4431588,Ja'Tavion Sanders,Tight End,Panthers,23,53.999998688697815,4.90909078988162,11,4.4303455,11.317515,50.140503
4603186,Jack Bech,Wide Receiver,Raiders,23,42.39999985694885,3.5333333214124045,12,5.1814785,9.6341095,49.91893
4372780,Tommy Tremble,Tight End,Panthers,26,63.90000021457672,4.260000014305115,15,4.00542,12.400701,49.670017
4362478,Emari Demercado,Running Back,Cardinals,27,58.29999981075525,5.299999982795932,11,5.4707527,9.053327,49.52851
2468609,Taysom Hill,Quarterback,Saints,35,43.77999953180552,3.367692271677347,13,6.306725,7.775127,49.035587
4683243,Mitchell Evans,Tight End,Panthers,23,48.20000064373016,3.707692357210013,13,4.128184,11.813062,48.76649
4597703,Tory Horton,Wide Receiver,Seahawks,23,59.09999847412109,8.442856924874443,7,4.922902,9.842204,48.452206
4427238,Dillon Gabriel,Quarterback,Browns,25,84.08000087738037,8.408000087738037,10,8.039797,5.9808316,48.08467
4429013,Tank Bigsby,Running Back,Eagles,23,53.79999974370003,4.890909067609093,11,5.6701193,8.444764,47.88282
3043275,Austin Hooper,Tight End,Patriots,31,59.30000162124634,4.561538586249719,13,4.1094546,11.355103,46.66328
4361529,Isiah Pacheco,Running Back,Chiefs,27,87.3000009059906,6.7153846850762005,13,5.5488644,8.409431,46.662796
4573699,Jackson Hawes,Tight End,Bills,25,52.700000405311584,4.053846185023968,13,4.1860495,11.051164,46.26072
4428085,Luke Musgrave,Tight End,Packers,25,49.199999928474426,3.7846153791134176,13,3.8664813,11.754013,45.44667
3911853,Adam Trautman,Tight End,Broncos,29,45.49999976158142,4.13636361468922,11,3.9167542,11.464903,44.90521
4426844,Elijah Higgins,Tight End,Cardinals,25,58.1000007390976,3.873333382606506,15,3.775965,11.726211,44.27776
4361372,Jeremy Ruckert,Tight End,Jets,25,46.90000057220459,3.6076923517080455,13,3.8543305,11.3288765,43.665234
4567096,John Metchie III,Wide Receiver,Jets,25,71.89999985694885,5.991666654745738,12,4.4265294,9.807721,43.414165
3916945,Darius Slayton,Wide Receiver,Giants,29,94.80000019073486,6.77142858505249,14,4.4764824,9.516101,42.59866
4682745,Jaylen Wright,Running Back,Dolphins,23,48.200000792741776,5.355555643637975,9,5.138036,8.275176,42.51815
4808839,Isaiah Bond,Wide Receiver,Browns,22,54.70000010728836,3.646666673819224,15,4.421447,9.607695,42.47991
4240472,Noah Gray,Tight End,Chiefs,27,38.80000019073486,2.984615399287297,13,3.941206,10.750203,42.368763
4361516,Daniel Bellinger,Tight End,Giants,25,59.59999907016754,4.966666589180629,12,3.747813,11.217746,42.042015
4602667,Jaylin Lane,Wide Receiver,Commanders,24,37.19999986886978,2.861538451451522,13,4.9078813,8.510334,41.767708
3917914,Olamide Zaccheaus,Wide Receiver,Bears,28,84.799999833107,6.057142845221928,14,4.6219697,8.882363,41.054012
4613202,Kyle Williams,Wide Receiver,Patriots,23,49.20000033080578,3.784615410061983,13,4.268836,9.579792,40.89456
3921690,Josh Oliver,Tight End,Vikings,29,54.9999994635582,4.5833332886298495,12,3.7607124,10.695163,40.22143
2573079,Carson Wentz,Quarterback,Vikings,33,80.34000015258789,16.068000030517577,5,8.653136,4.6172853,39.954
4040761,Devin Singletary,Running Back,Giants,28,106.80000181496143,6.282353047938908,17,4.5144386,8.84265,39.9196
4596334,Keaton Mitchell,Running Back,Ravens,24,55.40000052750111,4.6166667106250925,12,4.2631717,9.343855,39.834457
4426553,Davis Allen,Tight End,Rams,25,62.80000042915344,4.186666695276896,15,3.1512923,12.485893,39.3467
4369863,Cedric Tillman,Wide Receiver,Browns,26,59.99999988079071,4.999999990065892,12,4.582187,8.580423,39.317104
4038441,Justice Hill,Running Back,Ravens,28,65.20000062137842,7.244444513486491,9,4.561133,8.598322,39.21809
4429275,Trey Benson,Running Back,Cardinals,23,35.39999961853027,8.849999904632568,4,4.7621,8.225579,39.171032
3915411,Ty Johnson,Running Back,Bills,28,100.30000042915344,5.90000002524432,17,4.5485864,8.601936,39.12665
16760,Jimmy Garoppolo,Quarterback,Rams,34,-1.0000000298023224,-0.3333333432674408,3,6.9372067,5.468541,37.9364
4430871,Sean Tucker,Running Back,Buccaneers,24,91.39999936521052,6.528571383229324,14,4.171885,8.946134,37.32224
4249417,Jalen Tolbert,Wide Receiver,Cowboys,27,44.29999995231629,4.027272722937844,11,4.395084,8.427134,37.03796
4360698,Joe Milton III,Quarterback,Cowboys,26,12.31999945640564,3.07999986410141,4,7.1408563,5.1565113,36.821907
4242546,Davis Mills,Quarterback,Texans,27,76.60000133514404,12.766666889190674,6,6.83648,5.3724055,36.728344
4240657,Michael Carter,Running Back,Cardinals,27,98.9999985769391,7.615384505918393,13,4.0636344,8.984534,36.50986
4430834,Jalen McMillan,Wide Receiver,Buccaneers,24,29.89999961853028,7.474999904632568,4,5.4979706,6.5821185,36.188293
4569559,Devaughn Vele,Wide Receiver,Saints,28,66.29999876022339,7.36666652891371,9,4.6754737,7.723969,36.113213
4241476,Tyrell Shavers,Wide Receiver,Bills,26,45.49999976158142,4.5499999761581424,10,4.6493387,7.6365595,35.50495
4361409,Jahan Dotson,Wide Receiver,Eagles,26,50.200000166893005,3.5857142976352145,14,4.268889,8.12705,34.693474
4362921,Tyquan Thornton,Wide Receiver,Chiefs,25,80.80000019073486,7.345454562794078,11,4.359803,7.9261937,34.556644
4386544,Xavier Smith,Wide Receiver,Rams,28,48.299999475479126,4.829999947547913,10,4.134566,8.262246,34.1608
4685201,Tanner McKee,Quarterback,Eagles,26,15.759999603033066,3.9399999007582656,4,6.3733077,5.351677,34.107883
4360939,Rashod Bateman,Wide Receiver,Ravens,26,53.39999961853027,4.107692278348482,13,4.0211234,8.371506,33.662857
4569682,Audric Estime,Running Back,Saints,22,48.0999995470047,9.61999990940094,5,4.7773952,6.9860797,33.375263
4241263,Charlie Kolar,Tight End,Ravens,27,36.20000004768372,3.290909095243974,11,3.5507014,9.37468,33.286686
4362619,Chris Rodriguez Jr.,Running Back,Commanders,26,91.99999989569189,7.666666657974322,12,3.4972463,9.075971,31.740904
4365395,Julian Hill,Tight End,Dolphins,25,28.99999976158142,2.899999976158142,10,4.1584506,7.4864683,31.132109
4569382,Jordan Whittington,Wide Receiver,Rams,25,36.30000030994415,2.7923077161495504,13,3.9539015,7.605987,30.073324
4711533,Ollie Gordon II,Running Back,Dolphins,22,54.10000015050173,3.381250009406358,16,3.9920094,7.4242754,29.637777
4431492,Roman Wilson,Wide Receiver,Steelers,24,38.59999978542328,4.288888865047031,9,3.7178721,7.968997,29.627712
4431487,Savion Williams,Wide Receiver,Packers,24,25.500000678002834,2.3181818798184395,11,3.2291648,9.06145,29.260916
4710855,Konata Mumpfield,Wide Receiver,Rams,23,25.20000004768372,2.8000000052981906,9,3.8058171,7.671506,29.196348
4372096,Luke Schoonmaker,Tight End,Cowboys,27,27.200000166893005,1.942857154778072,14,3.1124403,9.346407,29.090134
4432775,Dont'e Thornton Jr.,Wide Receiver,Raiders,23,23.50000011920929,2.1363636472008447,11,3.836909,7.5361524,28.915531
4259147,Jake Tonges,Tight End,49ers,26,93.30000042915344,10.366666714350382,9,3.610954,7.9296613,28.633642
3045523,Kendrick Bourne,Wide Receiver,49ers,30,92.1000018119812,6.578571557998657,14,3.727861,7.6292057,28.440619
3149687,Chris Brooks,Running Back,Packers,26,32.69999963790178,2.3357142598501275,14,3.568528,7.815694,27.890522
4037235,Greg Dortch,Wide Receiver,Cardinals,28,75.09999912977219,6.258333260814349,12,3.5347924,7.672208,27.119661
4682652,Devin Neal,Running Back,Saints,22,59.99999926239252,6.66666658471028,9,4.382535,6.1727853,27.052448
2573401,Tyler Higbee,Tight End,Rams,33,71.1000006198883,7.900000068876478,9,3.0413308,8.64542,26.293583
4708486,Jimmy Horn Jr.,Wide Receiver,Panthers,23,28.699999690055847,2.8699999690055846,10,2.6661444,9.850721,26.263445
4427728,Bam Knight,Running Back,Cardinals,25,92.8999979943037,9.28999979943037,10,3.7111561,7.0629754,26.211805
4383396,Hunter Luepke,Running Back,Cowboys,26,36.99999983608723,3.3636363487352026,11,3.425055,7.6114125,26.069508
4242433,Joshua Palmer,Wide Receiver,Bills,26,52.30000007152557,4.3583333392937975,12,3.3137305,7.6316714,25.289303
4426496,Cade Stover,Tight End,Texans,25,19.899999737739563,3.316666622956594,6,3.334821,7.5255837,25.096474
4819231,Kaleb Johnson,Running Back,Steelers,22,8.80000003427267,0.880000003427267,10,5.051989,4.9590063,25.052845
4722893,Jaleel McLaughlin,Running Back,Broncos,25,31.399999767541885,3.924999970942736,8,3.1615849,7.78621,24.616764
4360797,Tutu Atwell,Wide Receiver,Rams,26,31.20000004768372,3.900000005960465,8,3.5102282,6.943032,24.371626
4690923,Ben Sinnott,Tight End,Commanders,23,28.40000009536743,3.550000011920929,8,3.290972,7.4003296,24.354277
4429939,Jawhar Jordan,Running Back,Texans,26,29.70000010728836,7.42500002682209,4,3.4698966,6.92639,24.033857
4361577,Dyami Brown,Wide Receiver,Jaguars,26,49.70000064373016,4.518181876702742,11,3.3505707,7.0724916,23.696882
4040612,Luke Farrell,Tight End,49ers,28,29.49999976158142,2.6818181601437656,11,3.3364599,7.0084934,23.383556
4241457,Najee Harris,Running Back,Chargers,28,11.600000143051147,3.8666667143503823,3,3.6377785,6.3116198,22.960276
4613104,Malachi Corley,Wide Receiver,Browns,24,31.60000021755696,2.6333333514630795,12,2.807276,8.143529,22.861134
4911851,LeQuint Allen Jr.,Running Back,Jaguars,21,24.799999609589577,1.6533333073059715,15,3.6295753,6.1906457,22.469414
4695193,Efton Chism III,Wide Receiver,Patriots,24,16.5,8.25,2,3.892937,5.558019,21.637018
5160110,Jahdae Walker,Wide Receiver,Bears,23,26.700000762939453,8.90000025431315,3,3.5223906,6.073705,21.393963
4035671,Tyler Huntley,Quarterback,Ravens,28,44.14000028371811,8.828000056743623,5,4.960358,4.3030057,21.34445
3930066,Van Jefferson,Wide Receiver,Titans,29,70.00000023841858,5.000000017029898,14,2.7296767,7.7107806,21.04794
3128720,Nick Chubb,Running Back,Texans,30,88.29999891668558,5.886666594445705,15,3.6598585,5.7002177,20.86199
3886812,Jake Browning,Quarterback,Bengals,30,60.73999935388565,12.14799987077713,5,6.0916924,3.4206233,20.837385
2973405,Kalif Raymond,Wide Receiver,Lions,31,60.799999594688416,5.066666632890701,12,2.6676884,7.75301,20.682613
2576581,Chris Moore,Wide Receiver,Commanders,32,38.6000007390976,4.825000092387199,8,3.1776502,6.4855604,20.608843
4429084,Anthony Richardson Sr.,Quarterback,Colts,24,2.1599999889731407,1.0799999944865704,2,4.0341263,5.098136,20.566525
3050481,Tanner Hudson,Tight End,Bengals,31,47.79999887943268,4.779999887943268,10,2.9053981,6.9506197,20.194317
3116165,Chris Godwin Jr.,Wide Receiver,Buccaneers,30,80.99999928474426,8.99999992052714,9,3.7565548,5.3420224,20.0676
14012,Andy Dalton,Quarterback,Panthers,38,11.519999764859676,2.879999941214919,4,6.243409,3.181556,19.863756
4685350,Trevor Etienne,Running Back,Panthers,21,11.700000151991844,1.1700000151991845,10,3.3004816,5.932388,19.579737
4239944,Hunter Long,Tight End,Jaguars,27,32.50000011920929,4.642857159887042,7,2.7743769,7.0369463,19.523142
3895856,Christian Kirk,Wide Receiver,Texans,29,57.89999884366989,5.263636258515445,11,3.0282445,6.42398,19.453382
2976592,Sterling Shepard,Wide Receiver,Buccaneers,33,81.99999976158142,6.307692289352417,13,3.196649,5.9873624,19.139496
4426339,Spencer Rattler,Quarterback,Saints,25,115.14000105857848,12.793333450953163,9,4.300726,4.4094353,18.963772
4241374,Grant Calcaterra,Tight End,Eagles,27,22.600000143051147,2.825000017881393,8,2.9387403,6.405976,18.825499
4569371,Isaiah Williams,Wide Receiver,Jets,25,46.70000076293945,4.670000076293945,10,2.7364094,6.825624,18.677702
4372019,Jerome Ford,Running Back,Browns,26,43.59999953955412,3.35384611842724,13,3.3236547,5.6176157,18.671015
3116389,Samaje Perine,Running Back,Bengals,30,77.90000057965517,5.564285755689655,14,2.6263855,7.072485,18.575071
4599739,Kendre Miller,Running Back,Saints,23,33.29999989271164,4.7571428418159485,7,3.8435388,4.7864366,18.396854
4360086,Josh Whyle,Tight End,Packers,26,14.59999966621399,2.4333332777023315,6,2.822249,6.42752,18.14006
4257364,Zavier Scott,Running Back,Vikings,26,39.19999973475933,4.35555552608437,9,3.056018,5.864155,17.920963
4048228,John Bates,Tight End,Commanders,28,27.30000042915344,3.0333333810170493,9,2.5946043,6.8879843,17.871593
4565185,Tai Felton,Wide Receiver,Vikings,23,5.5,1.8333333333333333,3,3.3874953,5.228576,17.711777
3871102,David Sills V,Wide Receiver,Falcons,30,49.10000026226044,4.091666688521703,12,3.1701667,5.557431,17.617983
4874509,DJ Giddens,Running Back,Colts,22,9.599999964237211,1.9199999928474427,5,3.2900062,5.3519464,17.607937
4372414,Elijah Moore,Wide Receiver,Bills,26,28.599999606609344,3.177777734067705,9,2.7381554,6.3839893,17.480354
4596602,Brashard Smith,Running Back,Chiefs,23,63.30000006407499,4.220000004271666,15,3.0188758,5.7613378,17.392763
3120348,JuJu Smith-Schuster,Wide Receiver,Chiefs,29,73.50000023841858,4.593750014901161,16,2.3124087,7.457181,17.244051
3116407,Mason Rudolph,Quarterback,Steelers,30,18.99999949336052,3.799999898672104,5,4.609362,3.6736794,16.93332
4429105,Arian Smith,Wide Receiver,Jets,24,13.500000074505806,1.1250000062088172,12,2.5514743,6.612613,16.871912
4567156,Treylon Burks,Wide Receiver,Commanders,26,29.00000023841858,3.6250000298023215,8,3.4248996,4.896558,16.770218
4361259,Zach Wilson,Quarterback,Dolphins,26,1.380000039935112,0.345000009983778,4,4.4096036,3.7589705,16.57557
5529,Philip Rivers,Quarterback,Colts,44,39.65999984741211,13.21999994913737,3,5.7516356,2.860817,16.454376
4430191,Skyy Moore,Wide Receiver,49ers,25,14.799999810755253,1.479999981075525,10,2.801708,5.869681,16.445131
4372758,Kevin Austin Jr.,Wide Receiver,Saints,26,32.99999976158142,6.599999952316284,5,3.315842,4.758588,15.778725
3134353,Tim Patrick,Wide Receiver,Jaguars,32,51.69999933242798,3.976923025571383,13,2.6665666,5.8056545,15.481165
4426948,Luke McCaffrey,Wide Receiver,Commanders,25,49.30000114440918,7.042857306344168,7,3.4870763,4.4200087,15.412908
4360967,Brevyn Spann-Ford,Tight End,Cowboys,26,24.0,2.4,10,2.4891293,6.1892147,15.405756
4239934,AJ Dillon,Running Back,Eagles,28,9.100000023841858,1.5166666706403096,6,3.3011944,4.521047,14.924855
4685279,Jaydon Blue,Running Back,Cowboys,22,20.399999797344208,4.079999959468841,5,2.8165572,5.272747,14.850993
4242392,Brock Wright,Tight End,Lions,27,36.79999995231629,5.257142850330898,7,2.4504943,5.8654437,14.373237
4379401,John FitzPatrick,Tight End,Packers,26,25.20000004768372,2.5200000047683715,10,2.2851632,6.2149963,14.202281
14163,Tyrod Taylor,Quarterback,Jets,36,69.46000099182129,11.576666831970217,6,7.5014763,1.8892738,14.172342
4690070,Mitchell Tinsley,Wide Receiver,Bengals,26,31.5999995470047,3.949999943375588,8,3.2489216,4.326521,14.056527
4430870,KeAndre Lambert-Smith,Wide Receiver,Chargers,23,16.100000500679016,2.3000000715255737,7,2.6101146,5.217265,13.61766
4426535,Theo Wease Jr.,Wide Receiver,Dolphins,24,25.90000009536743,8.633333365122477,3,2.9190505,4.6353464,13.53081
4685247,Braelon Allen,Running Back,Jets,22,15.299999952316284,3.824999988079071,4,2.9795818,4.5044413,13.421351
2310331,Tyler Johnson,Wide Receiver,Jets,27,37.69999933242798,4.18888881471422,9,2.3714194,5.652345,13.404081
3925357,Calvin Ridley,Wide Receiver,Titans,31,47.29999995231629,6.757142850330898,7,2.3339603,5.7216277,13.354052
3043116,Demarcus Robinson,Wide Receiver,49ers,31,56.200000405311584,4.014285743236542,14,2.0482216,6.3489566,13.00407
4722908,Drew Ogletree,Tight End,Colts,27,12.700000047683716,3.175000011920929,4,2.6292949,4.9382625,12.984148
4432734,Jalen Milroe,Quarterback,Seahawks,23,-1.599999986588955,-0.533333328862985,3,3.9841394,3.168024,12.62185
4061956,Ashton Dulin,Wide Receiver,Colts,29,20.000000193715096,2.8571428848164424,7,2.3115861,5.458809,12.618507
4039057,Lil'Jordan Humphrey,Wide Receiver,Broncos,28,34.59999978542328,4.942857112203326,7,2.4345424,5.151022,12.540381
3044720,Joshua Dobbs,Quarterback,Patriots,31,2.100000038743019,0.5250000096857548,4,3.547501,3.4815936,12.350957
4696700,Tip Reiman,Tight End,Cardinals,24,4.799999952316284,1.599999984105428,3,2.234704,5.5207605,12.337266
4038524,Gardner Minshew II,Quarterback,Chiefs,30,-0.3200000524520874,-0.0800000131130218,4,4.543879,2.6700602,12.13243
4362452,Jaret Patterson,Running Back,Chargers,26,25.69999952614308,4.283333254357179,6,2.795737,4.292981,12.002047
4889929,Quinn Ewers,Quarterback,Dolphins,23,39.18000078201294,9.795000195503237,4,3.4423525,3.4810467,11.98299
4245144,Tay Martin,Wide Receiver,Commanders,28,4.300000071525574,2.150000035762787,2,2.740109,4.3634686,11.95638
3924327,Drew Lock,Quarterback,Seahawks,29,0.0999999940395355,0.0333333313465118,3,4.0814595,2.8102374,11.469871
4362748,Tyler Badie,Running Back,Broncos,26,35.39999961853027,2.528571401323591,14,1.9656061,5.7772,11.3557
3051738,Marquez Valdes-Scantling,Wide Receiver,Steelers,31,31.9999989271164,3.555555436346266,9,2.2325919,5.049479,11.273426
4715355,Darius Cooper,Wide Receiver,Eagles,24,18.200000405311584,3.640000081062317,5,2.8713708,3.9063694,11.216635
4241983,Cody White,Wide Receiver,Seahawks,27,17.99999988079071,5.99999996026357,3,2.7294242,3.9926467,10.897627
4045163,Miles Sanders,Running Back,Cowboys,29,26.699999809265137,6.674999952316284,4,2.4351869,4.435933,10.802326
3127310,Drew Sample,Tight End,Bengals,30,31.899999797344208,2.8999999815767463,11,1.6727265,6.439274,10.771144
4434153,Tyson Bagent,Quarterback,Bears,26,2.5799999833106995,1.2899999916553495,2,4.379439,2.445743,10.710982
4242540,Isaiah Hodgins,Wide Receiver,Giants,27,27.49999952316284,4.583333253860474,6,2.2725763,4.526155,10.286033
4241410,Jelani Woods,Tight End,Jets,27,1.399999976158142,0.699999988079071,2,1.8847578,5.43675,10.246957
4426386,Roschon Johnson,Running Back,Bears,25,1.7000000476837158,0.8500000238418579,2,2.4230506,4.22301,10.232567
4431466,Jordan Watkins,Wide Receiver,49ers,24,4.600000143051148,2.3000000715255737,2,2.3277066,4.329511,10.077831
4360763,Brycen Tremayne,Wide Receiver,Panthers,26,29.99999988079071,3.749999985098839,8,2.4523542,4.0941715,10.040359
4696882,Devontez Walker,Wide Receiver,Ravens,24,37.600000858306885,7.520000171661377,5,2.2909229,4.360529,9.989635
4431431,Corey Kiner,Running Back,Cardinals,24,9.30000026524067,2.325000066310168,4,3.2836978,3.0141165,9.897448
3121427,Curtis Samuel,Wide Receiver,Bills,29,21.100000381469727,4.220000076293945,5,2.0850816,4.704826,9.809946
4361182,Adrian Martinez,Quarterback,49ers,26,-0.1000000014901161,-0.1000000014901161,1,3.8426666,2.5446537,9.778255
4683423,Riley Leonard,Quarterback,Colts,23,33.000000573694706,6.6000001147389415,5,1.9354831,5.043863,9.762311
4690013,Rasheen Ali,Running Back,Ravens,25,24.199999809265137,3.024999976158142,8,1.9828166,4.673674,9.267038
4372071,Hassan Haskins,Running Back,Chargers,26,9.999999940395355,1.999999988079071,5,2.532682,3.6397336,9.218287
2576414,Raheem Mostert,Running Back,Raiders,34,29.40000042319297,2.4500000352660813,12,1.9428626,4.5227895,8.787159
3914151,Josiah Deguara,Tight End,Cardinals,29,11.100000023841858,2.7750000059604645,4,1.9013267,4.603241,8.752265
4361988,James Mitchell,Tight End,Panthers,26,5.799999952316284,2.899999976158142,2,1.9067158,4.5711784,8.715938
4047422,Tanner Conner,Tight End,Dolphins,28,18.09999966621399,2.5857142380305698,7,2.394721,3.5371797,8.470558
3929785,Nick Westbrook-Ikhine,Wide Receiver,Dolphins,29,19.899999737739563,2.2111110819710627,9,2.2089617,3.833066,8.467096
4429835,George Holani,Running Back,Seahawks,26,14.800000190734863,3.700000047683716,4,2.7780135,3.0408819,8.447611
4240021,Cam Akers,Running Back,Vikings,26,9.180000185966492,4.590000092983246,2,2.305267,3.6644247,8.447477
4429299,Tahj Brooks,Running Back,Bengals,24,6.400000132620335,1.0666666887700558,6,1.9553196,4.199756,8.211865
4244049,Quintin Morris,Tight End,Jaguars,27,17.5,3.5,5,1.7962277,4.5274506,8.132332
4383351,Trey Lance,Quarterback,Chargers,26,13.540000081062315,3.3850000202655792,4,2.673293,3.0419908,8.132133
3127292,Will Dissly,Tight End,Chargers,29,20.70000028610229,2.587500035762787,8,1.5509107,5.2090745,8.07881
3728262,Ray-Ray McCloud III,Wide Receiver,Giants,29,13.900000393390656,2.780000078678131,5,2.0943773,3.8315713,8.024756
4243537,Gabe Davis,Wide Receiver,Bills,27,30.90000033378601,5.1500000556310015,6,1.8797022,4.25228,7.9930205
4039160,Kylen Granson,Tight End,Eagles,28,11.0,2.75,4,1.8230968,4.3790736,7.9834747
4430723,Jared Wiley,Tight End,Chiefs,25,1.399999976158142,1.399999976158142,1,1.8433919,4.296798,7.920683
4243003,Ronnie Rivers,Running Back,Rams,27,4.599999904632568,2.299999952316284,2,2.3124075,3.3995411,7.8611245
4877203,Gage Larvadain,Wide Receiver,Browns,23,12.399999678134918,1.7714285254478457,7,2.2988436,3.3961942,7.8073196
4424106,Gunner Olszewski,Wide Receiver,Giants,29,35.820000648498535,5.970000108083089,6,1.4196454,5.2971377,7.520057
4362523,Will Mallory,Tight End,Colts,26,2.5999999046325684,2.5999999046325684,1,2.0947835,3.5679903,7.4741673
4369466,Ryan Miller,Wide Receiver,Buccaneers,26,11.400000095367432,2.280000019073486,5,2.3725107,3.1252384,7.4146614
2975863,Eric Saubert,Tight End,Seahawks,32,7.100000023841858,1.4200000047683716,5,1.7795999,4.1609263,7.404784
4426485,Jonathan Mingo,Wide Receiver,Cowboys,25,3.5,0.7,5,1.6636612,4.416111,7.346913
4570738,Ke'Shawn Williams,Wide Receiver,Bengals,24,0.4999999776482582,0.0999999955296516,5,1.9135833,3.774531,7.2228794
4035020,Charlie Woerner,Tight End,Falcons,28,12.800000190734863,2.133333365122477,6,1.6284984,4.4086123,7.179418
4036032,Brittain Brown,Running Back,Bears,28,9.699999809265137,9.699999809265137,1,2.7351902,2.5644732,7.014322
15795,DeAndre Hopkins,Wide Receiver,Ravens,34,66.99999952316284,3.941176442538991,17,1.3584903,5.1481676,6.993736
4240703,Kenny Pickett,Quarterback,Raiders,28,9.719999551773071,1.619999925295512,6,2.7453241,2.5142791,6.902511
4401805,Dareke Young,Wide Receiver,Seahawks,27,6.799999952316284,2.2666666507720947,3,2.0930097,3.263841,6.8312507
4383440,Nate Adkins,Tight End,Broncos,26,16.800000190734863,2.800000031789144,6,1.6798849,4.0500784,6.8036656
4688552,Keleki Latu,Tight End,Bills,23,7.4999998807907104,3.7499999403953552,2,1.3947818,4.8674703,6.789059
3052096,Johnny Mundt,Tight End,Jaguars,31,20.10000002384185,1.827272729440169,11,1.7374082,3.899096,6.774321
3126997,Tom Kennedy,Wide Receiver,Lions,29,7.599999904632568,7.599999904632568,1,1.8484923,3.659848,6.7652006
4428796,Casey Washington,Wide Receiver,Falcons,25,15.40000033378601,3.080000066757202,5,1.834185,3.640759,6.6778255
4689334,Malik Heath,Wide Receiver,Packers,26,14.59999978542328,2.919999957084656,5,1.711953,3.8846178,6.6502833
4427600,Terrell Jennings,Running Back,Patriots,25,15.199999570846558,3.039999914169312,5,2.050674,3.2374117,6.638876
4613050,Quentin Skinner,Wide Receiver,Jets,24,2.0,2.0,1,2.5137448,2.6391795,6.634224
4373030,Ben Sims,Tight End,Vikings,26,5.9999998807907104,1.99999996026357,3,2.116885,3.0846558,6.5298615
4431545,Will Shipley,Running Back,Eagles,23,17.499999850988388,1.5909090773625807,11,1.1960912,5.381817,6.437144
4372063,Ronnie Bell,Wide Receiver,Saints,26,10.300000190734863,10.300000190734863,1,2.3518238,2.7142603,6.383462
4260394,Aidan O'Connell,Quarterback,Raiders,27,4.78000020980835,4.78000020980835,1,3.3396168,1.8823601,6.286361
4039034,Shane Buechele,Quarterback,Chiefs,28,3.920000076293945,3.920000076293945,1,2.2937028,2.722756,6.245193
3915486,Tyler Conklin,Tight End,Chargers,30,17.299999833106995,2.8833333055178323,6,1.9139966,3.254234,6.228593
4362603,Brenden Bates,Tight End,Browns,26,8.800000309944153,2.200000077486038,4,1.5007476,4.108498,6.1658187
3121409,Noah Brown,Wide Receiver,Commanders,30,13.299999833106996,3.3249999582767487,4,2.0700047,2.965712,6.139038
4360294,Antonio Gibson,Running Back,Patriots,27,17.199999690055847,3.439999938011169,5,1.570621,3.8748243,6.0858803
4428678,Jamari Thrash,Wide Receiver,Browns,25,20.699999928474423,2.587499991059304,8,1.6520095,3.6783233,6.076625
4432731,Moliki Matavao,Tight End,Saints,23,3.0,3.0,1,1.7260331,3.5138497,6.065021
4373273,British Brooks,Running Back,Texans,26,7.800000190734863,2.600000063578288,3,1.6336461,3.6974368,6.040303
4034862,Jack Stoll,Tight End,Saints,28,16.600000500679016,2.075000062584877,8,1.704496,3.5022004,5.9694867
3059989,Nick Mullens,Quarterback,Jaguars,31,-0.0400000177323818,-0.0100000044330954,4,2.7390575,2.1692936,5.94182
4361332,Shedrick Jackson,Wide Receiver,Raiders,26,15.900000095367432,5.300000031789144,3,1.8741684,3.15052,5.9046054
4569609,Evan Hull,Running Back,Saints,25,6.400000095367432,1.0666666825612383,6,2.0666718,2.856714,5.9038906
4429121,Kalel Mullings,Running Back,Titans,23,0.7000000178813934,0.2333333392937978,3,1.6264691,3.5871377,5.8343687
4035693,Velus Jones Jr.,Wide Receiver,Seahawks,29,3.200000047683716,3.200000047683716,1,1.6328348,3.550556,5.797471
3052897,Durham Smythe,Tight End,Bears,30,6.4999998807907104,1.6249999701976776,4,1.4817277,3.7927637,5.619843
4367567,Julius Chestnut,Running Back,Titans,25,3.999999932944775,0.5714285618492535,7,2.1875694,2.541128,5.5588937
3135321,Hunter Renfrow,Wide Receiver,Panthers,30,35.899999141693115,5.983333190282186,6,1.7468522,3.1666558,5.5316796
2983509,Dare Ogunbowale,Running Back,Texans,32,24.10000002384185,2.677777780426873,9,1.6144795,3.368024,5.437606
4428943,Jacardia Wright,Running Back,Seahawks,25,2.0,2.0,1,2.210063,2.4587827,5.4340644
4372505,Payne Durham,Tight End,Buccaneers,25,2.0999999046325684,0.5249999761581421,4,0.99854875,5.3857017,5.377886
2576336,Ameer Abdullah,Running Back,Colts,32,35.89999961853027,2.991666634877523,12,0.9002929,5.832841,5.251265
2998565,Mo Alie-Cox,Tight End,Colts,32,30.69999957084656,2.7909090518951416,11,1.3651325,3.8272097,5.224648
3843945,Foster Moreau,Tight End,Saints,29,12.899999737739565,1.842857105391366,7,1.1487296,4.4402604,5.1006584
4689988,Jason Brownlee,Wide Receiver,Chiefs,27,0.0,0.0,1,1.9719858,2.5624878,5.0531898
4429435,Brady Cook,Quarterback,Jets,24,30.4599997997284,6.091999959945679,5,1.7873422,2.6679766,4.768587
3068267,Austin Ekeler,Running Back,Commanders,31,13.099999904632568,6.549999952316284,2,2.0536363,2.3044147,4.73243
4361112,Devin Culp,Tight End,Buccaneers,26,7.599999904632568,7.599999904632568,1,2.109157,2.2368495,4.717867
4876006,Zaire Mitchell-Paden,Tight End,Saints,26,3.700000047683716,1.2333333492279053,3,1.4973831,3.1438308,4.707519
4912274,Sione Vaki,Running Back,Lions,24,0.4000000059604645,0.4000000059604645,1,1.7980571,2.6060863,4.6858916
4429676,Tyler Goodson,Running Back,Colts,25,5.19999997317791,0.7428571390254157,7,1.6545566,2.813679,4.655391
3127306,Dante Pettis,Wide Receiver,Saints,30,19.70000028610229,4.925000071525574,4,1.6611452,2.672984,4.440214
3914397,Scotty Miller,Wide Receiver,Steelers,28,15.200000166893004,3.0400000333786013,5,1.3433508,3.2320766,4.3418126
4427278,Xavier Gipson,Wide Receiver,Eagles,25,-1.4000000357627869,-0.3500000089406967,4,1.1974181,3.5189512,4.213656
5097554,Kameron Johnson,Wide Receiver,Buccaneers,24,17.699999645352364,2.9499999408920607,6,1.0006369,4.2095175,4.2121987
4431210,Beaux Collins,Wide Receiver,Giants,23,4.5,1.5,3,1.8646139,2.2338233,4.165218
4431353,Xavier Restrepo,Wide Receiver,Titans,24,7.099999904632568,3.549999952316284,2,1.5097249,2.6613228,4.017865
3892775,Jarrett Stidham,Quarterback,Broncos,29,-0.1000000014901161,-0.1000000014901161,1,3.201077,1.2430966,3.9792478
3926231,Britain Covey,Wide Receiver,Eagles,29,4.0,1.3333333333333333,3,1.4000748,2.7752461,3.8855524
4240069,Malik Cunningham,Wide Receiver,Lions,27,0.1000000014901161,0.1000000014901161,1,1.3693701,2.822896,3.8655894
5178972,Jakobie Keeney-James,Wide Receiver,Packers,25,3.5,3.5,1,1.6128508,2.3618858,3.8093693
4429466,Drake Dabney,Tight End,Packers,24,1.2999999523162842,1.2999999523162842,1,1.4348269,2.636454,3.782855
4362477,Derius Davis,Wide Receiver,Chargers,25,1.5000000596046448,0.2500000099341075,6,1.1681869,3.2011096,3.7394943
4035115,Albert Okwuegbunam Jr.,Tight End,Raiders,28,8.600000381469727,8.600000381469727,1,1.3827766,2.6709516,3.6933293
2972515,Cooper Rush,Quarterback,Ravens,32,1.7199998795986176,0.4299999698996544,4,2.0209098,1.793523,3.6245482
3128390,Allen Lazard,Wide Receiver,Jets,30,23.0,2.555555555555556,9,1.8330427,1.9741797,3.6187558
4027873,Samori Toure,Wide Receiver,Saints,28,1.2999999523162842,1.2999999523162842,1,1.7417816,2.0690396,3.603815
4601080,Raheim Sanders,Running Back,Browns,24,20.300000190734863,5.075000047683716,4,1.3933271,2.5729413,3.5849488
4363551,Dylan Drummond,Wide Receiver,Falcons,26,11.200000047683716,3.733333349227905,3,1.5756351,2.27051,3.577495
4430656,Myles Price,Wide Receiver,Vikings,24,-6.0,-2.0,3,1.3911872,2.5395422,3.5329785
4241424,Tylan Wallace,Wide Receiver,Ravens,27,14.50000011920929,2.4166666865348816,6,1.3718367,2.5339303,3.4761386
4039050,Devin Duvernay,Wide Receiver,Bears,28,4.600000143051148,1.533333381017049,3,1.098395,3.1365602,3.445182
4692590,Jalin Hyatt,Wide Receiver,Giants,24,8.499999761581421,1.699999952316284,5,1.2704176,2.698187,3.4278243
3722362,Brett Rypien,Quarterback,Bengals,29,0.0,0.0,1,2.4101238,1.4156412,3.4118705
5082630,Jalen Royals,Wide Receiver,Chiefs,23,2.400000095367432,2.400000095367432,1,1.2184646,2.7891407,3.3984692
4360978,David Martin-Robinson,Tight End,Titans,26,13.0,3.25,4,0.91414034,3.673591,3.3581777
4573697,Mason Tipton,Wide Receiver,Saints,25,20.40000069141388,3.4000001152356467,6,1.0774226,3.0787187,3.3170812
4429684,Anthony Gould,Wide Receiver,Colts,25,2.5999999046325684,1.2999999523162842,2,1.5543754,2.126143,3.3048244
3118892,Justin Watson,Wide Receiver,Texans,30,5.999999761581421,2.9999998807907104,2,1.3901306,2.3313916,3.240939
4035656,Ben Skowronek,Wide Receiver,Steelers,28,16.899999618530273,2.816666603088379,6,1.0552435,3.0438359,3.211988
4360238,Dameon Pierce,Running Back,Chiefs,26,3.5999999046325684,1.1999999682108562,3,1.5657861,2.0397573,3.1938236
4360231,Lucas Krull,Tight End,Broncos,27,3.5,1.75,2,1.1488041,2.695104,3.0961463
4036335,Cedrick Wilson Jr.,Wide Receiver,Dolphins,30,9.399999856948853,1.5666666428248088,6,1.6027272,1.9200232,3.0772734
4035004,Mecole Hardman Jr.,Wide Receiver,Bills,28,-2.0,-2.0,1,1.0908802,2.8109977,3.0664616
4034704,Michael Bandy,Wide Receiver,Broncos,28,13.00000011920929,4.333333373069763,3,1.141053,2.673038,3.050078
4040774,Harrison Bryant,Tight End,Texans,28,2.700000047683716,0.675000011920929,4,0.91348726,3.2679336,2.9852157
4242536,Sal Cannella,Tight End,Browns,29,3.0999999046325684,1.5499999523162842,2,1.2046486,2.4549391,2.957339
4044111,Chris Oladokun,Quarterback,Chiefs,28,13.199999690055847,4.399999896685283,3,1.310785,2.2234116,2.9144146
3115928,Malik Turner,Wide Receiver,49ers,30,0.0,0.0,1,1.5959022,1.8203297,2.9050682
4573398,Max Brosmer,Quarterback,Vikings,25,4.220000080764294,0.6028571543948991,7,1.1995393,2.376291,2.8504546
4568024,Josh Williams,Running Back,Buccaneers,24,1.100000023841858,1.100000023841858,1,2.0068328,1.4118339,2.8333147
4241555,Elijah Mitchell,Running Back,Chiefs,28,0.0,0.0,1,1.2362001,2.2557428,2.7885494
4605841,Nathan Carter,Running Back,Falcons,24,3.9999998807907104,1.9999999403953552,2,1.5273547,1.8087491,2.7626014
4244856,Austin Trammell,Wide Receiver,Jaguars,27,7.6000001430511475,1.5200000286102295,5,1.2684088,2.1435003,2.7188346
4690143,LaJohntay Wester,Wide Receiver,Ravens,24,-2.0,-1.0,2,0.9321064,2.8843389,2.6885107
4383429,Jacob Saylors,Running Back,Lions,26,1.100000023841858,1.100000023841858,1,1.2966385,2.06711,2.6802945
4692835,Jalen Brooks,Wide Receiver,Cardinals,26,6.099999785423279,3.0499998927116394,2,0.9215971,2.8822813,2.6563022
3120303,Ross Dwelley,Tight End,Lions,31,2.6999999284744263,0.8999999761581421,3,1.344513,1.9401459,2.6085515
3919510,Alex Bachman,Wide Receiver,Raiders,30,3.1999999284744263,0.7999999821186066,4,1.255522,2.0550153,2.580117
4433959,Ben Yurosek,Tight End,Vikings,24,3.399999976158142,1.1333333253860474,3,0.8905167,2.8389673,2.5281477
3049698,Anthony Firkser,Tight End,Lions,31,13.300000071525574,2.6600000143051146,5,1.0907874,2.3169136,2.5272603
4361777,Zamir White,Running Back,Raiders,26,9.59999991953373,1.9199999839067456,5,1.0810901,2.308458,2.4956512
4372716,Nikko Remigio,Wide Receiver,Chiefs,26,4.199999928474426,1.0499999821186066,4,0.82797194,2.9791582,2.4666593
4428811,Xavier Weaver,Wide Receiver,Cardinals,25,13.700000166893004,2.2833333611488342,6,1.0917437,2.21278,2.4157887
4240631,DeeJay Dallas,Running Back,Jaguars,27,2.0999999046325684,1.0499999523162842,2,0.95823497,2.4817646,2.3781135
4250764,Stone Smartt,Tight End,Jets,27,12.199999570846558,4.06666652361552,3,0.9863953,2.3878758,2.3553894
4242558,Tucker Fisk,Tight End,Chargers,27,3.900000095367432,0.975000023841858,4,0.8724539,2.6544156,2.3158553
3061612,Jamal Agnew,Wide Receiver,Falcons,31,-2.0,-0.6666666666666666,3,0.7717021,2.9902875,2.3076112
16728,Teddy Bridgewater,Quarterback,Buccaneers,33,2.8799999207258224,0.959999973575274,3,2.213257,1.0413541,2.3047843
4045305,Ian Thomas,Tight End,Raiders,30,24.399999856948853,3.4857142652784074,7,0.6588002,3.3609185,2.2141738
4431562,Phil Mafah,Running Back,Cowboys,23,10.899999618530272,10.899999618530272,1,1.288885,1.7135167,2.208526
4242431,Ty Chandler,Running Back,Vikings,28,8.800000190734863,4.400000095367432,2,0.92190826,2.3611002,2.1767178
4878878,Amar Johnson,Running Back,Chargers,23,0.800000011920929,0.800000011920929,1,1.8837073,1.1388768,2.1453104
4249616,Owen Wright,Running Back,Buccaneers,27,0.6000000238418579,0.6000000238418579,1,1.2671772,1.6527375,2.0943112
4430681,Jared Wayne,Wide Receiver,Texans,25,4.0,4.0,1,0.89736784,2.2909937,2.055864
5083297,Jacoby Jones,Wide Receiver,Commanders,24,3.5,3.5,1,1.1274245,1.762781,1.9874024
4426990,Jalen Cropper,Wide Receiver,Cowboys,25,0.0,0.0,1,1.015135,1.9513475,1.9808812
4360405,Jake Bobo,Wide Receiver,Seahawks,27,4.0,2.0,2,1.1645298,1.6967665,1.9759351
2577327,Tyler Lockett,Wide Receiver,Raiders,33,67.09999895095825,3.9470587618210735,17,0.39742655,4.842818,1.9246644
4429012,Kendall Milton,Running Back,Bengals,24,0.2000000029802322,0.2000000029802322,1,1.1030309,1.7112716,1.8875855
4035222,Trayveon Williams,Running Back,Browns,28,17.100000023841858,3.4200000047683714,5,0.91285026,1.949828,1.779901
4242214,Clyde Edwards-Helaire,Running Back,Chiefs,27,4.200000047683716,2.100000023841858,2,0.7267469,2.4162562,1.7560067
4257188,Charlie Jones,Wide Receiver,Bengals,27,0.0,0.0,2,0.9174239,1.8992682,1.742434
4569547,Nick Kallerup,Tight End,Seahawks,25,0.0,0.0,1,0.79256654,2.183841,1.7308393
4043016,Dee Eskridge,Wide Receiver,Dolphins,29,8.199999928474426,1.6399999856948853,5,0.7047172,2.4057927,1.6954036
4361088,Colson Yankoff,Tight End,Commanders,26,3.8000000715255737,1.2666666905085249,3,0.780922,2.1625707,1.688799
4567506,Tahj Washington,Wide Receiver,Dolphins,25,4.6999999061226845,2.3499999530613422,2,0.53728133,3.1424441,1.6883765
3886809,Andre Baccellia,Wide Receiver,Cardinals,29,2.799999952316284,1.399999976158142,2,0.7074296,2.340395,1.6556647
3047876,KhaDarel Hodge,Wide Receiver,Falcons,31,6.099999904632568,2.033333301544189,3,1.1594754,1.344408,1.5588081
3139602,D'Ernest Johnson,Running Back,Patriots,30,2.499999977648258,0.4999999955296516,5,1.0219666,1.5095454,1.5427049
4362018,Blake Whiteheart,Tight End,Browns,26,2.399999976158142,0.399999996026357,6,0.7758886,1.9396224,1.504931
4362617,Bryce Oliver,Wide Receiver,Titans,26,1.7999999523162842,1.7999999523162842,1,0.96783984,1.5341312,1.4847933
3916204,James Proche II,Wide Receiver,Titans,29,12.49999976158142,2.083333293596904,6,0.59215844,2.4564586,1.4546126
3115293,Kyle Allen,Quarterback,Lions,30,-0.3000000044703483,-0.1500000022351741,2,0.9739038,1.4667988,1.4285209
4578436,Coleman Owen,Wide Receiver,Colts,25,0.0,0.0,1,0.8042999,1.7534006,1.4102598
4428512,Kedon Slovis,Quarterback,Cardinals,25,-0.0799999982118606,-0.0399999991059303,2,0.8296861,1.6808156,1.3945494
4426689,Ulysses Bentley IV,Running Back,Colts,25,0.0,0.0,1,0.852429,1.5967447,1.3611114
4034948,Feleipe Franks,Tight End,Falcons,28,0.4000000059604645,0.2000000029802322,2,0.85103416,1.587693,1.3511809
3916430,Nyheim Hines,Running Back,Chargers,29,-0.2000000029802322,-0.2000000029802322,1,0.9832647,1.3479785,1.3254197
4360290,Brayden Willis,Tight End,49ers,26,0.0,0.0,1,0.9052877,1.443465,1.3067511
4700712,Cam Grandy,Tight End,Bengals,26,2.700000047683716,1.350000023841858,2,0.75054044,1.5960144,1.1978734
4374187,Deven Thompkins,Wide Receiver,Falcons,26,6.200000166893005,3.1000000834465027,2,0.4300393,2.777464,1.1944185
4057082,Mason Kinsey,Wide Receiver,Titans,27,6.800000190734863,3.400000095367432,2,0.50754654,2.3216088,1.1783245
3115306,Josh Reynolds,Wide Receiver,Jets,31,21.100000143051147,4.2200000286102295,5,0.8437612,1.3595196,1.1471099
3059722,Zay Jones,Wide Receiver,Cardinals,31,30.29999935626984,5.049999892711639,6,0.47132683,2.3951442,1.1288958
5155825,Carter Runyon,Tight End,Raiders,24,1.2999999523162842,1.2999999523162842,1,0.6192464,1.7646204,1.0927349
4360175,Clayton Tune,Quarterback,Packers,27,1.980000138282776,0.990000069141388,2,0.8209141,1.3216587,1.0849683
4421446,Craig Reynolds,Running Back,Lions,29,0.4000000059604645,0.4000000059604645,1,0.97427124,1.099199,1.0709181
3123075,Braxton Berrios,Wide Receiver,Texans,30,9.700000166893004,4.850000083446503,2,1.4755908,0.6739085,0.99441314
3916749,Giovanni Ricci,Tight End,Lions,29,0.0,0.0,1,1.1589196,0.8515577,0.98688686
4035537,Kene Nwangwu,Running Back,Jets,28,4.8999998569488525,2.4499999284744263,2,0.92970395,0.79967934,0.74346507
3917960,Steven Sims,Wide Receiver,Cardinals,29,0.0,0.0,1,0.9120076,0.75924337,0.6924357
4245131,Tim Jones,Wide Receiver,Jaguars,28,2.5,2.5,1,0.2816239,1.6268401,0.45815706
4035886,Khalil Herbert,Running Back,Jets,28,6.599999904632568,2.199999968210856,3,0.630266,0.6628588,0.41777736
2971281,Pharaoh Brown,Tight End,Cardinals,32,2.0999999046325684,2.0999999046325684,1,0.29721972,1.3004978,0.3865336
3122168,Trent Sherfield,Wide Receiver,Cardinals,30,5.099999904632568,1.274999976158142,4,0.5496059,0.6476779,0.3559676
4366963,Dylan Laube,Running Back,Raiders,26,3.700000032782554,0.7400000065565109,5,0.14225107,1.4929714,0.21237679
2574511,Brandon Allen,Quarterback,Titans,33,0.8799999952316284,0.8799999952316284,1,0.20775169,0.8003713,0.1662785
2574808,Robbie Chosen,Wide Receiver,Commanders,33,10.299999952316284,3.433333317438761,3,0.32705757,0.32639372,0.106749535
2975674,Robert Tonyan,Tight End,Chiefs,32,1.100000023841858,1.100000023841858,1,0.37696934,0.10655404,0.040167604
4037457,Travis Homer,Running Back,Bears,27,-0.2000000029802322,-0.2000000029802322,1,0.31696004,0.0,0.0
3886818,Myles Gaskin,Running Back,Seahawks,29,0.6000000238418579,0.6000000238418579,1,-0.017491937,0.0,-0.0
2580216,DeAndre Carter,Wide Receiver,Browns,33,0.0,0.0,1,-0.23379944,0.1619387,-0.037861176
16460,Adam Thielen,Wide Receiver,Steelers,35,37.59999966621399,2.685714261872428,14,-0.33243763,1.3941021,-0.463452
16731,Brandin Cooks,Wide Receiver,Bills,32,51.89999961853027,3.992307662963867,13,-0.53212357,2.124939,-1.1307302
